-- MariaDB dump 10.19  Distrib 10.8.3-MariaDB, for debian-linux-gnu (x86_64)
--
-- Host: localhost    Database: test
-- ------------------------------------------------------
-- Server version	10.8.3-MariaDB-1:10.8.3+maria~jammy

/*!40101 SET @OLD_CHARACTER_SET_CLIENT=@@CHARACTER_SET_CLIENT */;
/*!40101 SET @OLD_CHARACTER_SET_RESULTS=@@CHARACTER_SET_RESULTS */;
/*!40101 SET @OLD_COLLATION_CONNECTION=@@COLLATION_CONNECTION */;
/*!40101 SET NAMES utf8mb4 */;
/*!40103 SET @OLD_TIME_ZONE=@@TIME_ZONE */;
/*!40103 SET TIME_ZONE='+00:00' */;
/*!40014 SET @OLD_UNIQUE_CHECKS=@@UNIQUE_CHECKS, UNIQUE_CHECKS=0 */;
/*!40014 SET @OLD_FOREIGN_KEY_CHECKS=@@FOREIGN_KEY_CHECKS, FOREIGN_KEY_CHECKS=0 */;
/*!40101 SET @OLD_SQL_MODE=@@SQL_MODE, SQL_MODE='NO_AUTO_VALUE_ON_ZERO' */;
/*!40111 SET @OLD_SQL_NOTES=@@SQL_NOTES, SQL_NOTES=0 */;

--
-- Sequence structure for `hibernate_sequence`
--

DROP SEQUENCE IF EXISTS `hibernate_sequence`;
CREATE SEQUENCE `hibernate_sequence` start with 1 minvalue 1 maxvalue 9223372036854775806 increment by 1 cache 1000 nocycle ENGINE=InnoDB;
SELECT SETVAL(`hibernate_sequence`, 18001, 0);

--
-- Table structure for table `clip`
--

DROP TABLE IF EXISTS `clip`;
/*!40101 SET @saved_cs_client     = @@character_set_client */;
/*!40101 SET character_set_client = utf8 */;
CREATE TABLE `clip` (
  `id` bigint(20) NOT NULL,
  `category` varchar(255) COLLATE utf8mb4_unicode_ci DEFAULT NULL,
  `url` varchar(255) COLLATE utf8mb4_unicode_ci DEFAULT NULL,
  PRIMARY KEY (`id`)
) ENGINE=InnoDB DEFAULT CHARSET=utf8mb4 COLLATE=utf8mb4_unicode_ci;
/*!40101 SET character_set_client = @saved_cs_client */;

--
-- Dumping data for table `clip`
--

LOCK TABLES `clip` WRITE;
/*!40000 ALTER TABLE `clip` DISABLE KEYS */;
INSERT INTO `clip` VALUES
(1,'매너','https://www.youtube.com/embed/KiTqbvannNA'),
(2,'장비','https://www.youtube.com/embed/FuYcEhuUVLk'),
(3,'입문','https://www.youtube.com/embed/ZPWsraf_Dck'),
(4,'장비','https://www.youtube.com/embed/p1DFaKDsltw'),
(5,'꿀팁','https://www.youtube.com/embed/MjrH4c7-ejk');
/*!40000 ALTER TABLE `clip` ENABLE KEYS */;
UNLOCK TABLES;

--
-- Table structure for table `cocktail`
--

DROP TABLE IF EXISTS `cocktail`;
/*!40101 SET @saved_cs_client     = @@character_set_client */;
/*!40101 SET character_set_client = utf8 */;
CREATE TABLE `cocktail` (
  `c_id` bigint(20) NOT NULL,
  `c_alcohol` double DEFAULT NULL,
  `c_base_liquor` varchar(255) COLLATE utf8mb4_unicode_ci DEFAULT NULL,
  `c_category` varchar(255) COLLATE utf8mb4_unicode_ci DEFAULT NULL,
  `c_img` varchar(255) COLLATE utf8mb4_unicode_ci DEFAULT NULL,
  `c_name` varchar(255) COLLATE utf8mb4_unicode_ci DEFAULT NULL,
  `c_name_kr` varchar(255) COLLATE utf8mb4_unicode_ci DEFAULT NULL,
  `c_recipe` varchar(500) COLLATE utf8mb4_unicode_ci DEFAULT NULL,
  `c_tag` varchar(255) COLLATE utf8mb4_unicode_ci DEFAULT NULL,
  `c_type` varchar(255) COLLATE utf8mb4_unicode_ci DEFAULT NULL,
  `cup_id_c_id` bigint(20) DEFAULT NULL,
  PRIMARY KEY (`c_id`),
  KEY `cup_of_cocktail` (`cup_id_c_id`),
  CONSTRAINT `cup_of_cocktail` FOREIGN KEY (`cup_id_c_id`) REFERENCES `cup` (`c_id`) ON DELETE CASCADE ON UPDATE CASCADE
) ENGINE=InnoDB DEFAULT CHARSET=utf8mb4 COLLATE=utf8mb4_unicode_ci;
/*!40101 SET character_set_client = @saved_cs_client */;

--
-- Dumping data for table `cocktail`
--

LOCK TABLES `cocktail` WRITE;
/*!40000 ALTER TABLE `cocktail` DISABLE KEYS */;
INSERT INTO `cocktail` VALUES
(11000,20,'럼','Cocktail','https://www.thecocktaildb.com/images/media/drink/metwgh1606770327.jpg','Mojito','모히또','글라스에 럼 2~3 oz를 넣어주세요. <> 라임 1개를 짜 넣어주세요. <> 민트 잎과 설탕을 넣어주세요. <> 민트 잎으로 장식하고 마무리해요.','IBA,ContemporaryClassic,Alcoholic,USA,Asia,Vegan,Citrus,Brunch,Hangover,Mild,파티','Alcoholic',3),
(11001,38,'위스키','Cocktail','https://www.thecocktaildb.com/images/media/drink/vrwquq1478252802.jpg','Old Fashioned','올드 패션드','잔 위에 각설탕을 넣어주세요. <> 앙고스투라 버터스를 각설탕 위에 1/32 oz 넣어주세요. <> 소다수로 혹은 물을 넣어주세요. <> 머들러로 각설탕을 으깨어 섞어주세요. <> 얼음과 버번 위스키를 넣고 섞어주세요.  <> 오렌지 조각이나 체리로 장식 후 마무리해요.','IBA,Classic,Alcoholic,Expensive,Savory,혼술','Alcoholic',4),
(11003,27,'진','Ordinary Drink','https://www.thecocktaildb.com/images/media/drink/qgdu971561574065.jpg','Negroni','네그로니','진 1 oz를 넣어주세요. <> 캄파리 1 oz를 넣어주세요. <> 스윗 베르무트 1 oz를 넣어주세요. <> 얼음을 넣고 가볍게 저어주세요. ','IBA,Classic,혼술','Alcoholic',4),
(11004,22,'위스키','Ordinary Drink','https://www.thecocktaildb.com/images/media/drink/hbkfsh1589574990.jpg','Whiskey Sour','위스키 사워','버번 위스키 1 1/2 oz를 준비해주세요. <> 레몬 주스 5/6 oz를 준비해주세요. <> 설탕 시럽 2/3 oz를 준비해주세요. <> 달걀 흰자 2/3 oz를 준비해주세요. <> 재료들을 쉐이킹해 주세요. <> 얼음을 걸러내고 올드 패션드 글라스에 따라주세요. <> 레몬 슬라이스와 마라스키노 체리로 장식해주세요.','IBA,Classic,Alcoholic,ContemporaryClassic','Alcoholic',4),
(11005,24,'진','Cocktail','https://www.thecocktaildb.com/images/media/drink/6ck9yi1589574317.jpg','Dry Martini','드라이 마티니','진 1 2/3 oz, 드라이 베르무트 1/3 oz를 준비해주세요. <> 믹싱 글라이스 얼음과 재료를 넣고 저어주세요. <> 올리브로 장식해주세요.','IBA,Classic,Christmas,Alcoholic','Alcoholic',2),
(11006,28,'화이트 럼','Ordinary Drink','https://www.thecocktaildb.com/images/media/drink/mrz9091589574515.jpg','Daiquiri','다이키리','화이트 럼 2 oz, 라임 즙 2 / 3 oz 준비해주세요. <> 슈가 파우더 2 티스푼을 준비해주세요. <> 쉐이커에 얼음과 모든 재료를 담고 흔들어 주세요.','IBA,Classic,Beach','Alcoholic',2),
(11007,25,'데킬라','Ordinary Drink','https://www.thecocktaildb.com/images/media/drink/5noda61589575158.jpg','Margarita','마르가리타','라임 슬라이스로 글라스 테두리를 문지른 후 소금을 붙여주세요. <> 셰이커에 데킬라 1 1/2 oz를 넣어주세요. <> 트리플 섹 1/2 oz를 넣어주세요. <> 라임 주스를 1 oz 넣어주세요. <> 음료가 잘 섞이도록 셰이커를 힘차게 흔들어 주세요. <> 글라스에 조심스럽게 따라주세요.','IBA,ContemporaryClassic,연인','Alcoholic',2),
(11008,26,'위스키','Cocktail','https://www.thecocktaildb.com/images/media/drink/yk70e31606771240.jpg','Manhattan','맨해튼','얼음을 채운 글라스에 스위트 베르부트 3/4 oz를 넣어주세요. <> 위스키를 2 1/2 oz를 넣어주세요. <> 앙고스투라 비터스를 1/32 oz를 넣어주세요. <> 마라스키노 체리나 오렌지로 장식 후 마무리해요.','IBA,Classic,Alcoholic','Alcoholic',2),
(11009,7,'보드카','Punch / Party Drink','https://www.thecocktaildb.com/images/media/drink/3pylqc1504370988.jpg','Moscow Mule','모스크바 뮬','보드카 2 oz를 넣어주세요. <> 라임 주스 2 oz를 넣어주세요. <> 진저 에일 8 oz를 넣고 섞어주세요.','IBA,ContemporaryClassic','Alcoholic',17),
(11010,27,'브랜디','Ordinary Drink','https://www.thecocktaildb.com/images/media/drink/vtytxq1483387578.jpg','After Dinner Cocktail','애프터 디너','애프리콧 브랜디 1 oz, 트리플 섹 1 oz, 라임 두 개를 준비해주세요 <> 라임 한 개는 즙을 내주세요 <> 얼음과 라임 조각을 제외한 모든 재료를 흔들어주세요. <> 칵테일 글라스에 넣어주세요 <> 라임 조각으로 장식하여 마무리해주세요.','DinnerParty','Alcoholic',2),
(11012,18,'위스키','Ordinary Drink','https://www.thecocktaildb.com/images/media/drink/jntghf1606771886.jpg','Alabama Slammer','앨라배마 슬래머','아마레또 1/2 oz, 테네시 위스키 1/2 oz, 슬로진 1/4 oz, 레몬 주스 1/2oz 를 준비해주세요. <> 하이볼 글라스에 얼음을 넣어주세요. <> 하이볼 글라스 얼음 위로 레몬 주스를 제외하고 부어주세요. <> 레몬 주스를 넣어주세요.','Summer','Alcoholic',3),
(11013,43,'진','Ordinary Drink','https://www.thecocktaildb.com/images/media/drink/wsyryt1483387720.jpg','Alaska Cocktail','알래스카','오렌지 비터스 2 dashes, 진 3/2 oz, 노란색 샤르트뢰즈 3/4 oz, 레몬을 준비해주세요. <> 모든 재료들을 얼음과 함께 칵테일 글라스에 넣어주세요. <> 레몬 껍질을 비틀어서 올리고 마무리해주세요.','Beach,Chilli','Alcoholic',2),
(11014,11,'진','Ordinary Drink','https://www.thecocktaildb.com/images/media/drink/0clus51606772388.jpg','Alexander','알렉산더','진 1/2 oz, 화이트 초콜릿 리큐어 1/2 oz, 휘핑크림 2oz, 육두구를 준비해주세요. <> 모든 재료들을 얼음과 함께 칵테일 글라스에 넣어주세요. <> 육두구를 뿌려주고 마무리해주세요.','IBA,Classic,Dairy','Alcoholic',2),
(11016,23,'브랜디','Ordinary Drink','https://www.thecocktaildb.com/images/media/drink/mlyk1i1606772340.jpg','Brandy Alexander','브랜디 알렉산더','브랜디 1oz, 카카오 크림 1oz를 준비해주세요. <> 저지방 크림 1oz와 육두구','Nutty,Dairy','Alcoholic',10),
(11019,35,'보드카','Ordinary Drink','https://www.thecocktaildb.com/images/media/drink/ypxsqy1483387829.jpg','Alfie Cocktail','앨피','레몬 보드카 3/2 oz, 트리플 섹 1 dash, 파인애플 주스 1 큰 술을 준비해주세요. <> 모든 재료를 얼음과 섞어주세요. <> 칵테일 글라스에 넣어주세요.','Alcoholic','Alcoholic',2),
(11034,35,'진','Ordinary Drink','https://www.thecocktaildb.com/images/media/drink/vaukir1606772580.jpg','Angel Face','앤젤 페이스','살구 브랜디 1/2 oz를 준비해주세요. <> 애플 브랜디 1/2 oz를 준비해주세요. <> 진 1 oz를 준비해주세요.<> 칵테일 글라스에 모든 재료를 넣어주세요. <> 얼음과 함께 섞어주세요.','IBA,Classic','Alcoholic',2),
(11050,17,'브랜디','Ordinary Drink','https://www.thecocktaildb.com/images/media/drink/trbplb1606855233.jpg','Apricot Lady','아프리콧 레이디','셰이커에 각얼음을 반정도 채워주세요. <> 럼 1 1/2 oz, 살구 브랜디 1 oz를 준비해주세요. <> 트리플 섹 1tsp, 레몬주스 1/2 oz를 준비해주세요. <>  계란 흰자 1개를 준비해주세요. <> 이들을 모두 섞어주세요. <> 오렌지로 장식해주세요.','Cold','Alcoholic',4),
(11064,13,'화이트 럼','Ordinary Drink','https://www.thecocktaildb.com/images/media/drink/k1xatq1504389300.jpg','Banana Daiquiri','바나나 다이퀴리','화이트럼 1 1/2 oz와 트리플섹 1tbsp를 준비해주세요. <> 준비한 재료를 얼음과 함께 쉐이커에 부어주세요. <> 잘 흔들어주세요. <> 차가운 잔에 따라주세요. ','Fruity','Alcoholic',7),
(11102,33,'보드카','Ordinary Drink','https://www.thecocktaildb.com/images/media/drink/8oxlqf1606772765.jpg','Black Russian','블랙 러시안','보드카 1 1/2 oz와 커피 리큐르 3/4 oz를 준비해주세요. <> 얼음이 담긴 온더락 글라스에 모든 재료를 부어주세요. <> 잔을 부드럽게 저어 주세요.','IBA,ContemporaryClassic','Alcoholic',4),
(11112,13,'데킬라','Ordinary Drink','https://www.thecocktaildb.com/images/media/drink/yz0j6z1504389461.jpg','Bloody Maria','블러디 마리아','얼음이 담긴 온더락 글라스를 준비해주세요. <> 레몬 슬라이스를 제외한 모든 재료와 얼음을 쉐이커에 부으세요. <>  쉐이커를 잘 흔든 뒤, 잔에 부으세요. <> 마지막으로, 레몬 슬라이스를 얹어주세요.','Breakfast,Brunch,Hangover','Alcoholic',4),
(11113,11,'보드카','Ordinary Drink','https://blog.kakaocdn.net/dn/bXZ1Pw/btqHnfWA71M/1L4ndsSfjbmXTxUCbkH0K1/img.jpg','Bloody Mary','블러디 메리','모든 재료를 부드럽게 저어 하이볼 글라스에 부어주세요. <> 가니쉬를 얹어 완성해주세요.','IBA,ContemporaryClassic','Alcoholic',3),
(11202,26,'카샤사','Ordinary Drink','https://www.thecocktaildb.com/images/media/drink/jgvn7p1582484435.jpg','Caipirinha','카이피리냐','설탕 2 tsp과 라임 한 개, 카차카 5/2 oz 를 준비해주세요. <> Old-fashioned 글라스에 라임과 설탕을 넣어주세요. <> 머들러 또는 나무 숟가락을 이용하여 두 재료를 으깨주세요. <> Old-fashioned 글라스에 얼음으로 채우고 카차카를 추가해주세요.','ContemporaryClassic,IBA','Alcoholic',4),
(11227,13,'샴페인','Ordinary Drink','https://www.thecocktaildb.com/images/media/drink/t5pv461606773026.jpg','Champagne Cocktail','샴페인 칵테일','샴페인 글라스를 준비 해주세요. <> 앙고스투라 비터를 2 ~ 3 방울 두 번 떨어뜨려주세요. <> 코냑도 2 ~ 3 방울 떨어뜨려주세요 <> 샴페인을 천천히 글라스에 부어주세요. <> 오렌지 필 혹은 레몬 필로 장식해주세요.','IBA,ContemporaryClassic,파티','Alcoholic',7),
(11288,32,'화이트 럼','Ordinary Drink','https://www.thecocktaildb.com/images/media/drink/wmkbfj1606853905.jpg','Cuba Libre','쿠바 리브레','하이볼 잔을 준비하고 얼음을 채워주세요. <> 화이트럼 2 oz를 부어주세요. <> 라임 주스(즙) 1/2 oz와 콜라를 부어주세요.','IBA,ContemporaryClassic, 혼술','Alcoholic',3),
(11410,30,'진','Ordinary Drink','https://www.thecocktaildb.com/images/media/drink/drtihp1606768397.jpg','Gin Fizz','진 피즈','진 2oz, 레몬 반 개, 슈가 파우더 1 티스푼을 준비해주세요. <> 얼음과 함께 잘 섞어주세요. <> 잔에 붓고 그 위에 탄산수를 부어주세요.','IBA,Classic','Alcoholic',3),
(11416,10,'진','Ordinary Drink','https://www.thecocktaildb.com/images/media/drink/iprva61606768774.jpg','Gin Smash','진 스매쉬','민트 4 ~ 5 잎을 준비해주세요. <>잔에 각설탕 1개 와 민트, 탄산수 1 oz 를 넣고 으깨주세요. <> 진 2 oz, 얼음을 넣고 저어주세요. <> 오렌지 조각과 체리로 장식해주세요.','Citrus,StrongFlavor','Alcoholic',4),
(11417,16,'진','Ordinary Drink','https://www.thecocktaildb.com/images/media/drink/noxp7e1606769224.jpg','Gin Sour','진 사워','진 2 oz, 레몬즙 1 oz, 설탕 1/2 티스푼을 준비해주세요.<> 쉐이커에 모든 재료를 넣고 흘들어주세요. <> 오렌지 조각과 체리로 장식해주세요.','Sour','Alcoholic',12),
(11423,36,'스카치','Ordinary Drink','https://www.thecocktaildb.com/images/media/drink/e5zgao1582582378.jpg','Godfather','갓파더','스카치 1 1/2 oz, 아마레토 3/4 oz를 준비해주세요. <> 조각 얼음으로 채워진 잔에 붓고 저어주세요.','IBA,ContemporaryClassic','Alcoholic',4),
(11424,36,'보드카','Ordinary Drink','https://www.thecocktaildb.com/images/media/drink/quksqg1582582597.jpg','Godmother','갓마더','보드카 1 1/2 oz, 아마레토 3/4 oz를 준비해주세요. <> 조각 얼음으로 채워진 잔에 붓고 저어주세요.','IBA,ContemporaryClassic','Alcoholic',4),
(11462,11,'보드카','Ordinary Drink','https://www.thecocktaildb.com/images/media/drink/7os4gs1606854357.jpg','Harvey Wallbanger','하비 월뱅어','보드카 1oz 를 준비해주세요. <> 오렌지 주스 4 oz 를 준비해주세요. <> 두 재료를 잔에 붓고 저어주세요. <> 갈리아노 1/2 oz 를 위에 부어주세요.','IBA,ContemporaryClassic','Alcoholic',1),
(11542,24,'잭','Ordinary Drink','https://www.thecocktaildb.com/images/media/drink/uuqqrv1439907068.jpg','Jack Rose Cocktail','잭 로즈','셰이커에 얼음을 붓고 애플 브랜디 1 1/2 oz를 넣어주세요. <> 그레나딘 시럽을 1/2 tsp를 넣어주세요. <> 라임주스를 1/2 oz를 넣어주세요. <> 음료가 잘 섞이도록 셰이커를 힘차게 흔들어 주세요. <> 체리와 사과 조각 장식으로 마무리해요.','Beach','Alcoholic',2),
(11580,10,'위스키','Ordinary Drink','https://www.thecocktaildb.com/images/media/drink/0t4bv71606854479.jpg','John Collins','존 콜린스','얼음을 채운 하이볼 글라스에 진 1 1/2 oz를 넣어주세요. <> 레몬 주스 1 oz를 넣어주세요. <> 설탕 1 tsp과 탄산수 3 oz를 넣고 가볍게 저어주세요. <> 마라스키노 체리나 오렌지로 장식 후 마무리해요.','IBA','Alcoholic',1),
(11600,23,'보드카','Ordinary Drink','https://www.thecocktaildb.com/images/media/drink/d7ff7u1606855412.jpg','Kamikaze','카미카제','셰이커에 얼음을 붓고 보드카 1 oz를 넣어주세요. <> 트리플 섹 1 oz를 넣어주세요. <> 라임 주스를 1 oz를 넣어주세요. <> 음료가 잘 섞이도록 셰이커를 힘차게 흔들어 주세요.','IBA,NewEra','Alcoholic',2),
(11690,18,'럼','Ordinary Drink','https://www.thecocktaildb.com/images/media/drink/twyrrp1439907470.jpg','Mai Tai','마이타이','셰이커에 럼 1 oz를 넣어주세요. <> 시럽 1/2 oz를 넣어주세요. <> 트리플 섹 1/2 oz를 넣어주세요. <> 스윗 앤 사워를 1 1/2 oz를 넣어주세요. <> 음료가 잘 섞이도록 셰이커를 힘차게 흔들어 주세요. <> 체리로 장식 후 마무리해요.','IBA,ContemporaryClassic,연인','Alcoholic',1),
(12101,40,'위스키','Ordinary Drink','https://www.thecocktaildb.com/images/media/drink/yqsvtw1478252982.jpg','Rusty Nail','러스티 네일','올드 패션드 글라스를 준비해주세요. <> 스카치 위스키 1 1/2 oz를 따라주세요. <> 드람뷔 5/6 oz 따라주세요. <> 가볍게 저어주세요.','IBA,Classic','Alcoholic',4),
(12127,35,'코냑','Ordinary Drink','https://www.thecocktaildb.com/images/media/drink/vvpxwy1439907208.jpg','Sazerac','사제락','차갑게 한 올드 패션드 글라스에 압생트 1/3 oz를 따라주세요. <> 글라스에 얼음을 넣어 차갑게 식혀주세요. <> 믹싱 글라스르 준비해주세요. <> 믹싱 글라스 내에 각설탕과 버터를 넣고 머들러로 으깨주세요. <> 꼬냑을 넣고 얼음과 함께 스터해주세요. <> 올드 패션드 글라스에 있는 얼음과 압생트를 버려주세요. <> 얼음을 걸러내며 믹싱 글라스에 있는 음료를 따라주세요. <> 레몬 제스트로 장식해주세요. <>','IBA,Classic','Alcoholic',4),
(12162,40,'보드카','Ordinary Drink','https://www.thecocktaildb.com/images/media/drink/8xnyke1504352207.jpg','Screwdriver','스크류드라이버','얼음을 채운 하이볼 글라스에 보드카 1 oz를 따라주세요. <> 오렌지 주스로 잔을 가득 채워 주세요. <> 오렌지로 가니쉬 해주세요.','IBA','Alcoholic',3),
(12196,29,'코냑','Ordinary Drink','https://www.thecocktaildb.com/images/media/drink/x72sik1606854964.jpg','Sidecar','사이드카','코냑 1 2/3 oz를 준비해주세요. <> 트리플 섹 2/3 oz를 준비해주세요. <> 레몬 주스 2/3 oz를 준비해주세요. <> 위 재료들을 쉐이킹 해주세요. <> 차갑게 식힌 칵테일 글라스에 따라주세요.','IBA,Classic','Alcoholic',2),
(12214,13,'진','Ordinary Drink','https://www.thecocktaildb.com/images/media/drink/7dozeg1582578095.jpg','Singapore Sling','싱가폴 슬링','진 1 oz를 준비해주세요. <> 체리 브랜디 1/2 oz를 준비해주세요. <> 레몬 주스 1/2 oz를 준비해주세요. <> 그레나딘 시럽 1 tsp을 준비해주세요. <> 재료들을 쉐이킹 해주세요. <> 하이볼 글라스에 따라주세요. <> 잔의 나머지를 탄산수로 채워주세요.','IBA,ContemporaryClassic,연인','Alcoholic',11),
(12420,21,'진','Ordinary Drink','https://www.thecocktaildb.com/images/media/drink/4u0nbl1504352551.jpg','Tuxedo Cocktail','턱시도','올드 톰 진 1 oz를 준비해주세요. <> 드라이 베르무트 1 oz를 준비해주세요. <> 룩사르도 마라스키노 1/2 tsp를 준비해주세요. <> 압생트 1/4 tsp를 준비해주세요. <> 오렌지 비터 3/32 oz를 준비해주세요. <> 글라스에 모든 재료를 넣고 얼음과 스터해주세요. <> 얼음을 걸러내고 차갑게 식힌 마티니 글라스에 담아주세요. <> 레몬 껍질과 체리로 장식해주세요.','IBA,Classic','Alcoholic',2),
(12560,0,'','Cocktail','https://www.thecocktaildb.com/images/media/drink/vuquyv1468876052.jpg','Afterglow','애프터글로우','셰이커에 얼음과 그레나딘 1 oz를 넣어주세요. <> 오렌지 주스와 파인애플 주스를 각 4 oz씩 넣어주세요. <> 음료가 잘 섞이도록 힘차게 흔들어주세요. <> 오렌지 조각으로 장식 후 마무리해요.','','Non alcoholic',3),
(12562,0,'','Cocktail','https://www.thecocktaildb.com/images/media/drink/qyqtpv1468876144.jpg','Alice Cocktail','앨리스','그레나딘 1 oz, 크림 4 oz를 준비해주세요. <> 오렌지 주스 1 oz, 파인애플 주스 2 oz를 준비해주세요. <> 재료를 잘 섞어주세요.','','Non alcoholic',2),
(12564,0,'','Cocktail','https://www.thecocktaildb.com/images/media/drink/syusvw1468876634.jpg','Apple Karate','애플가라테','믹서기에 사과 주스 2컵을 넣어주세요. <> 잘게 썬 당근을 1개 넣고 믹서기를 돌려주세요.','','Non alcoholic',3),
(12572,0,'','Cocktail','https://www.thecocktaildb.com/images/media/drink/xwuqvw1473201811.jpg','Bora Bora','보라보라','셰이커에 패션 후르츠 주스 60ml를 넣어주세요. <> 파인애플 주스 100 ml를 넣어주세요. <> 레몬주스 10ml를 넣어주세요. <> 그레나딘 10ml를 넣고 흔들어 주세요. <> 파인애플 한 조각으로 장식 후 마무리해요.','','Non alcoholic',3),
(12630,0,'','Cocktail','https://www.thecocktaildb.com/images/media/drink/stsuqq1441207660.jpg','Rail Splitter','레일 스플리터','설탕 시럽 2 oz를 톨 글라스에 레몬주스 2 oz와 섞어주세요. <> 이를 진저 에일 2oz로 채워주세요.','','Non alcoholic',3),
(12668,0,'','Other/Unknown','https://www.thecocktaildb.com/images/media/drink/mvis731484430445.jpg','Egg Cream','에그 크림','잔에 초코 시럽 3/8 oz와 우유 6 oz를 넣어주세요. <> 소다수 6 oz를 넣어주세요.','','Non alcoholic',19),
(12670,0,'','Other/Unknown','https://www.thecocktaildb.com/images/media/drink/i3tfn31484430499.jpg','Fruit Cooler','후르츠 쿨러','설탕으로 딸기 1 컵을 버무리고 냉장고에서 밤새 식혀주세요. <> 레몬을 자르고 두 조각을 남기고 나머지를 짜주세요. <> 레몬즙, 딸기, 사과 주스 1캔 및 탄산수 1캔를 섞어주세요.  <> 남긴 레몬 조각으로 장식해 주세요. <> 글라스에 얼음 조각과 사과 조각을 넣어주세요.','파티','Non alcoholic',3),
(12672,0,'','Other/Unknown','https://www.thecocktaildb.com/images/media/drink/nfdx6p1484430633.jpg','Fruit Flip-Flop','후르츠 플립플롭','요거트 1컵, 과일 주스 1컵을 준비해주세요. <>모든 재료를 넣고 잘 섞일 때까지 저어주세요.','','Non alcoholic',3),
(12722,0,'','Other/Unknown','https://www.thecocktaildb.com/images/media/drink/9h1vvt1487603404.jpg','Strawberry Shivers','스트로베리 쉬버','딸기 1 1/2 컵과 꿀을 적당량 넣어주세요. <> 물 1/2 컵을 넣고 섞어주세요.','','Non alcoholic',3),
(12726,0,'','Other/Unknown','https://www.thecocktaildb.com/images/media/drink/869qr81487603278.jpg','Tomato Tang','토마토 탱','토마토 주스 2컵과 레몬주스 2 스푼을 준비해주세요. <> 소금 1/32 oz 넣고 섞어주세요.','','Non alcoholic',3),
(12728,0,'','Other/Unknown','https://www.thecocktaildb.com/images/media/drink/trttrv1441254466.jpg','Yoghurt Cooler','요거트 쿨러','요거트 1컵과 과일 1컵을 준비해주세요. <> 믹서기에 얼음과 재료를 넣고 갈아주세요.','','Non alcoholic',3),
(12754,31,'보드카','Ordinary Drink','https://www.thecocktaildb.com/images/media/drink/lijtw51551455287.jpg','Sex on the Beach','섹스온더비치','얼음을 채운 하이볼 글라스를 준비해주세요. <> 보드카 1 1/3 oz를 따라주세요. <> 피치 슈냅스 2/3 oz를 따라주세요. <> 크랜베리 주스 4 oz를 따라주세요. <> 오렌지 주스 1 1/3 oz를 따라주세요. <> 저민 오렌지 반 쪽으로 가니쉬 해주세요.','IBA,ContemporaryClassic','Alcoholic',3),
(12862,0,'','Punch / Party Drink','https://www.thecocktaildb.com/images/media/drink/wsyvrt1468876267.jpg','Aloha Fruit punch','알로하 프루트 펀치','물 3/4 컵과 진저 비어 1/4 컵을 냄비에 넣고 3분간 끓여주세요. <> 구아바 주스 2컵, 레몬 주스와 파인애플 1컵을 추가해주세요. <> 설탕을 추가해주고 식혀주세요.','','Non alcoholic',1),
(12890,0,'','Punch / Party Drink','https://www.thecocktaildb.com/images/media/drink/mzgaqu1504389248.jpg','Cranberry Punch','크랜베리 펀치','잔에 크렌베리 주스 4컵을 넣어주세요. <> 파인애플 주스 4컵을 넣어주세요. <> 아몬드를 적당히 넣어주세요. <> 설탕을 적당량 넣고 섞어주세요. <> 마지막으로 진저 에일 4컵을 넣고 저어주세요.','','Non alcoholic',9),
(12954,0,'','Punch / Party Drink','https://www.thecocktaildb.com/images/media/drink/lfeoe41504888925.jpg','Holloween Punch','할로윈 펀치(무알콜)','포도 주스, 탄산, 각종 과일 샤베트를 준비해주세요. <> 펀치 볼에 넣고 잘 저어주세요.','','Non alcoholic',9),
(12988,7,'와인','Punch / Party Drink','https://www.thecocktaildb.com/images/media/drink/iuwi6h1504735724.jpg','Mulled Wine','멀드 와인','냄비에 설탕 정량, 계피 스틱, 레몬 껍질을 넣어주세요. <> 와인 한 병과 브랜디 1/4 를 넣고 10분간 끓여주세요. ','Christmas','Alcoholic',1),
(13032,0,'','Punch / Party Drink','https://www.thecocktaildb.com/images/media/drink/qxvypq1468924331.jpg','Spiced Peach Punch','스파이스드 피치 펀치','복숭아 과즙 46 oz와 오렌지 주스 20 oz, 갈색 설탕 1/2 cup을 큰 냄비에 넣어주세요. <> 시나몬 3 3-inch와 정향 1/2 tsp을 치즈백에 결합해 주세요. <> 이를 큰 냄비에 넣어주세요. <> 설탕이 녹을 때까지 약하게 데우며 계속 저어주세요. <> 라임 주스를 저어주세요. <> 뜨거운 머그잔에 담아주세요.','','Non alcoholic',1),
(13036,0,'','Punch / Party Drink','https://www.thecocktaildb.com/images/media/drink/spvvxp1468924425.jpg','Strawberry Lemonade','스트로베리 레몬에이드','레몬 1개와 설탕 1 스푼을 준비해주세요. <> 딸기 8개와 물 1컵을 준비해주세요. <> 재료를 믹서기에 돌려주세요.','','Non alcoholic',1),
(13214,16,'피스코','Cocktail','https://www.thecocktaildb.com/images/media/drink/tsssur1439907622.jpg','Pisco Sour','피스코 사워','셰이커에 얼음과 피스코 2 oz를 넣어주세요. <> 레몬 주스 1 oz를 넣어주세요. <> 설탕을 한 꼬집과 계란 흰자 1개를 넣어주세요. <> 음료가 잘 섞이도록 셰이커를 힘차게 흔들어 주세요.','IBA,NewEra,특별','Alcoholic',2),
(13377,9,'보드카','Ordinary Drink','https://www.thecocktaildb.com/images/media/drink/7rfuks1504371562.jpg','Sea breeze','씨 브리즈','얼음을 채운 하이볼 글라스를 준비해주세요. <> 보드카 1 1/3 oz를 따라주세요. <> 크랜베리 주스 4 oz를 따라주세요. <> 자몽 주스 1 oz를 따라주세요. <> 오렌지 필과 아라스키노 체리로 가니쉬 해주세요.','IBA,ContemporaryClassic','Alcoholic',3),
(13621,40,'데킬라','Cocktail','https://www.thecocktaildb.com/images/media/drink/quqyqp1480879103.jpg','Tequila Sunrise','데킬라 선라이즈','얼음이 든 하이볼 글라스에 데킬라 1 1/2 oz를 따라주세요. <> 오렌지 주스 3 oz를 따라주세요. <> 그레나딘 시럼 1/2 oz를 천천히 따라주세요. <> 시럽이 바닥에 가라앉을 때까지 기다려주세요. <> 오렌지 슬라이스와 마라스키노 체리로 가니쉬해 주세요.','IBA,ContemporaryClassic','Alcoholic',3),
(13936,75,'럼','Cocktail','https://www.thecocktaildb.com/images/media/drink/qvuyqw1441208955.jpg','Miami Vice','마이애미 바이스','피나 콜라다를 2.5 oz 넣어주세요. <> 다이키리를 2.5 oz 넣어주세요. <> Pina Colda Mix를 넣어주세요.','IBA,연인','Alcoholic',2),
(13971,10,'아이리시 위스키','Coffee / Tea','https://www.thecocktaildb.com/images/media/drink/sywsqw1439906999.jpg','Irish Coffee','아이리쉬 커피','아이리쉬 위스키 1 1/2 oz를 준비해주세요. <> 커피 8 oz를 준비해주세요. <> 설탕 1 티스푼을 준비해주세요. <> 재료를 살짝 가열해주세요. <> 휘핑크림을 위에 얹어주세요.','IBA,ContemporaryClassic','Alcoholic',13),
(14195,2,'진','Ordinary Drink','https://www.thecocktaildb.com/images/media/drink/7ibfs61504735416.jpg','Snowball','스노우볼','드라이 진 1/3 oz를 준비해주세요. <> 크림 디 바이올렛 1/6 oz를 준비해주세요. <> 디 민트 화이트 1/6 oz를 준비해주세요. <> 애니제트 1/6 oz를 준비해주세요. <> 생크림 1/6 oz를 준비해주세요. <> 모든 재료를 얼음과 함께 쉐이크 해주세요. <> 칵테일 글라스에 따라주세요.','Christmas','Alcoholic',3),
(14366,32,'보드카','Cocktail','https://www.thecocktaildb.com/images/media/drink/mtpxgk1504373297.jpg','Lemon Drop','레몬 드롭','셰이커에 보드카 1 oz와 키위를 넣어주세요. <> 시럽 1 tsp를 넣어주세요. <> 음료가 잘 섞이도록 셰이커를 힘차게 흔들어 주세요.','IBA,NewEra','Alcoholic',2),
(15106,0,'','Other/Unknown','https://www.thecocktaildb.com/images/media/drink/uptxtv1468876415.jpg','Apello','아펠로','오렌지 주스 4 oz 준비해주세요. <> 포도 주스 3 oz 준비해주세요. <>사과 주스 1 oz 준비해주세요. <> 재료를 섞고 마라스키노 체리로 장식 후 마무리해요.','','Non alcoholic',1),
(15200,6,'럼','Ordinary Drink','https://www.thecocktaildb.com/images/media/drink/trptts1454514474.jpg','A Day at the Beach','해변에서의 하루','셰이커에 얼음으로 가득 채워주세요. <> 럼 1oz, 아마레토 1/2 oz 오렌지 주스 4 oz를 준비해주세요. <> 셰이커에 넣고 흔들어주세요. <> 얼음을 채운 하이볼 글라스에 넣어주세요. <> 그래나딘을 얹어주세요. <> 파인애플과 딸기로 장식해주세요.','Sweet','Alcoholic',3),
(15853,24,'리큐어','Shot','https://www.thecocktaildb.com/images/media/drink/5a3vg61504372070.jpg','B-52','B-52','베일리스 아이리쉬 크림 1/2 oz를 준비해주세요. <> 그랑 마르니에 1/2 oz와 칼루아 1/2 oz를 준비해주세요. <> 샷 글라스에 층으로 깔아주세요.','IBA,NewEra','Alcoholic',6),
(15941,20,'리큐르','Ordinary Drink','https://www.thecocktaildb.com/images/media/drink/709s6m1613655124.jpg','Americano','아메리카노','캄파리 1 oz와 아이스 버마우스 1 oz를 준비해주세요. <> 콜린스 글라스에 부어주세요. <> 탄산수를 조금 넣어주세요. <> 오렌지 반 조각으로 장식해주세요.','IBA,Classic','Alcoholic',1),
(17176,0,'','Ordinary Drink','https://www.thecocktaildb.com/images/media/drink/yswuwp1469090992.jpg','Ipamena','이파네마','라임의 반을 조각, 설탕을 쉐이커에 넣고 으깨주세요. <> 패션 후르츠 주스를 넣고 조각 얼음을 넣어주세요. <> 셰이커를 닫고 흔들어주세요. <> 잔에 부어주세요. <> 진저 에일을 얹고, 티스푼으로 저어주세요. ','','Non alcoholic',14),
(17180,30,'진','Cocktail','https://www.thecocktaildb.com/images/media/drink/trbplb1606855233.jpg','Aviation','에비에이션','진 4.5cl, 레몬 주스 1.5cl를 준비해주세요. <> 마라스치노 체리 주스 1.5cl을 준비해주세요. <> 칵테일 셰이커에 얼음을 채워주세요. <> 모든 재료를 넣어주세요. <> 잘 흔들어서 칵테일 글라스에 넣어주세요. <> 체리로 장식해주세요.','IBA,Classic','Alcoholic',2),
(17181,15,'보드카','Cocktail','https://www.thecocktaildb.com/images/media/drink/vcyvpq1485083300.jpg','Dirty Martini','더티 마티니','보드카 2oz, 드라이 베르무트 2 숟갈을 준비해주세요. <> 올리브 절임물(소금물) 2숟갈을 준비해주세요. <> 소량의 얼음과 함께 모든 재료를 쉐이커에 넣고 흔들어 주세요. <> 레몬 한 조각과 올리브 하나로 장식해주세요.','IBA,NewEra, 연인','Alcoholic',2),
(17183,24,'화이트 럼','Ordinary Drink','https://www.thecocktaildb.com/images/media/drink/trbplb1606855233.jpg','Bacardi Cocktail','바카디 칵테일','화이트 럼 1 3/4 oz와 라임주스 1 oz를 준비해주세요. <> 슈가 시럽 1/2 tsp과 그레나딘 조금을 준비해주세요. <> 이들을 얼음과 함께 섞어주세요. <> 칵테일 글라스에 넣어주세요.','IBA,Classic','Alcoholic',2),
(17184,29,'브랜디','Ordinary Drink','https://www.thecocktaildb.com/images/media/drink/of1rj41504348346.jpg','Between The Sheets','비트윈 더 시트','브랜디, 화이트럼, 트리플섹, 레몬주스를 1oz씩 준비해주세요. <> 모든 재료를 얼음과 함께 세이커에 부어 주세요. <> 잘 흔든 뒤, 얼음은 걸러 차가운 칵테일 잔에 부어 주세요.','IBA,Classic','Alcoholic',2),
(17185,26,'진','Ordinary Drink','https://www.thecocktaildb.com/images/media/drink/1mvjxg1504348579.jpg','Casino','카지노','칵테일 글라스에 얼음을 담아서 차갑게 해주세요. <> 진 2 oz와  얼음과 함께 쉐이커에 넣어주세요. <> 8 ~ 10 초 가량 흔들어 주세요. <> 쉐이커에 함께 담았던 얼음을 걸러내 주세요. <> 얼음이 담긴 올드 패션드 글라스에 따라주세요. <> 오렌지 비터과 체리로 장식해주세요.','IBA','Alcoholic',2),
(17186,18,'진','Ordinary Drink','https://www.thecocktaildb.com/images/media/drink/t0aja61504348715.jpg','Clover Club','클로버 클럽','진 1 1/2 oz, 레몬 주스 1/2 oz 를 준비해주세요. <> 라즈베리 시럽 1/2 oz, 달걀 흰자를 준비해주세요. <> 쉐이커에 재료와 얼음을 넣고 흔들어 주세요.','IBA,Classic','Alcoholic',2),
(17187,40,'진','Ordinary Drink','https://www.thecocktaildb.com/images/media/drink/52weey1606772672.jpg','Derby','더비','진 2 oz, 피치 비터스 조금 준비해주세요. <> 믹싱 글라스에 얼음과 모든 재료를 넣고 저어주세요. <> 민트잎 2장을 올려 주세요.','Classic,IBA','Alcoholic',2),
(17188,17,'럼','Cocktail','https://www.thecocktaildb.com/images/media/drink/f9erqb1504350557.jpg','Mary Pickford','메리 폭리드','셰이커에 럼 1 1/2 oz를 넣어주세요. <> 파인애플 주스 1 oz를 넣어주세요. <> 마라스키노 리큐어와 그레나딘 1/8 oz를 넣어주세요. <> 음료가 잘 섞이도록 셰이커를 힘차게 흔들어 주세요. <> 체리로 장식 후 마무리해요.','IBA,Classic','Alcoholic',2),
(17189,28,'진','Ordinary Drink','https://www.thecocktaildb.com/images/media/drink/94psp81504350690.jpg','Monkey Gland','몽키 글랜드','셰이커에 얼음과 진 2 oz를 넣어주세요. <> 오렌지 주스 1/2 oz를 넣어주세요. <> 베네딕틴과 그레나딘 시럽 1/8 oz를 넣어주세요. <> 음료가 잘 섞이도록 셰이커를 힘차게 흔들어 주세요. <> 체리로 장식 후 마무리해요.','IBA,Classic','Alcoholic',2),
(17190,27,'진','Ordinary Drink','https://www.thecocktaildb.com/images/media/drink/ejozd71504351060.jpg','Paradise','파라다이스','셰이커에 얼음과 진 7 oz를 넣어주세요. <> 브랜디 4 oz를 넣어주세요. <> 오렌지 주스 3 oz를 넣어주세요. <> 음료가 잘 섞이도록 셰이커를 힘차게 흔들어 주세요.','IBA','Alcoholic',2),
(17191,15,'럼','Punch / Party Drink','https://www.thecocktaildb.com/images/media/drink/fdk8a31606854815.jpg','Planter\'s Punch','플랜터즈 펀치','셰이커에 얼음과 럼 2 oz를 넣어주세요. <> 오르간 시럽 1 oz를 넣어주세요. <> 오렌지 주스 4 oz를 넣어주세요. <> 파인애플 주스 2 oz를 넣어주세요. <> 음료가 잘 섞이도록 셰이커를 힘차게 흔들어 주세요.','IBA,Classic','Alcoholic',1),
(17192,23,'와인','Ordinary Drink','https://www.thecocktaildb.com/images/media/drink/64x5j41504351518.jpg','Porto flip','포르토 플립','셰이커에 얼음과 와인 4 oz를 넣어주세요. <> 브랜디 1 oz를 넣어주세요. <> 계란 한 개를 넣고 섞어주세요.','IBA,Classic','Alcoholic',2),
(17193,40,'코냑','Ordinary Drink','https://www.thecocktaildb.com/images/media/drink/2ahv791504352433.jpg','Stinger','스팅어','코냑 1 2/3 oz를 준비해주세요. <> 크림 드 멘트 화이트 2/3 oz를 준비해주세요. <> 얼음과 함께 쉐이킹해 주세요. <> 얼음을 걸러내고 차갑게 식힌 마티니 글라스에 담아주세요.','IBA,Classic','Alcoholic',2),
(17194,28,'진','Ordinary Drink','https://www.thecocktaildb.com/images/media/drink/jofsaz1504352991.jpg','White Lady','화이트 레이디','드라이 진 30ml를 준비해주세요. <> 코앵트로 1/2 oz를 준비해주세요. <> 레몬 주스 1/2 oz를 준비해주세요. <> 쉐이킹 후 얼음을 걸러내주세요. <> 차갑게 식힌 마티니 글라스에 담아주세요.','IBA,Classic','Alcoholic',2),
(17195,14,'샴페인','Ordinary Drink','https://www.thecocktaildb.com/images/media/drink/eaag491504367543.jpg','Bellini','벨리니','샴페인 6oz와 피치스냅스 1oz를 준비해주세요. <> 얼음은 걸러내고 차가운 플루트 글라스에 부어주세요.','ContemporaryClassic,IBA,파티','Alcoholic',7),
(17196,24,'보드카','Cocktail','https://www.thecocktaildb.com/images/media/drink/kpsajh1504368362.jpg','Cosmopolitan','코스모폴리탄','보드카 1 oz, 트리플 섹 1/2 oz를 준비해주세요. <> 라임 주스 1/2 oz, 크랜베리 주스 1/2 oz를 준비해주세요. <> 쉐이커에 재료와 얼음을 넣고 흔들어 주세요.','IBA,ContemporaryClassic,연인','Alcoholic',2),
(17197,12,'진','Ordinary Drink','https://www.thecocktaildb.com/images/media/drink/hrxfbl1606773109.jpg','French 75','프렌치 75','진 1 1/2 oz, 레몬 주스 1/2 oz 를 준비해주세요. <> 설탕 2 티스푼을 준비해주세요. <> 쉐이커에 모든 재료를 넣고 흔들어주세요. <> 샴페인을 부어주세요. <> 오렌지와 체리 조각으로 장식해주세요.','IBA,ContemporaryClassic','Alcoholic',1),
(17198,36,'코냑','Ordinary Drink','https://www.thecocktaildb.com/images/media/drink/zaqa381504368758.jpg','French Connection','프렌치 커넥션','코냑 1 1/2 oz, 아마레토 3/4 oz를 준비해주세요. <> 조각 얼음으로 채워진 올드 패션드 잔에 부어주세요. <> 부드럽게 저어주세요.','IBA,ContemporaryClassic','Alcoholic',4),
(17199,19,'갈리아노','Ordinary Drink','https://www.thecocktaildb.com/images/media/drink/qrot6j1504369425.jpg','Golden dream','골든 드림','갈리아노 2/3oz 를 쉐이커에 넣어주세요.<> 트리플 섹 2/3 oz를 쉐이커에 넣어주세요. <> 오렌지 주스 2/3 oz를 쉐이커에 넣어주세요. <> 크림 1/3 oz를 쉐이커에 넣어주세요. <> 얼음을 쉐이커에 넣고 흔들어주세요.','IBA,ContemporaryClassic','Alcoholic',2),
(17200,15,'리큐르','Ordinary Drink','https://www.thecocktaildb.com/images/media/drink/aqm9el1504369613.jpg','Grasshopper','그래스 호퍼','그린 크림 드 멘테 3/4 oz 를 준비해주세요. <> 크림 드 카카오 3/4 oz 를 준비해주세요. <> 저지방 크림 3/4 oz 를 준비해주세요. <> 쉐이커에 넣고 흔들어주세요.','IBA,ContemporaryClassic,Halloween,특별','Alcoholic',2),
(17201,22,'럼','Ordinary Drink','https://www.thecocktaildb.com/images/media/drink/jfcvps1504369888.jpg','Hemingway Special','헤밍웨이 스페셜','럼 2 oz 를 준비해주세요. <> 자몽주스 1 1/3 oz 를 준비해주세요. <> 마라스키노 1/2 oz 를 준비해주세요. <> 라임 주스 1/2 oz를 준비해주세요. <> 얼음과 함께 모든 재료를 넣고 8 ~ 10 초간 흔들어주세요.','IBA,ContemporaryClassic','Alcoholic',2),
(17202,13,'브랜디','Ordinary Drink','https://www.thecocktaildb.com/images/media/drink/006k4e1504370092.jpg','Horse\'s Neck','홀스즈 넥','레몬 껍질을 길게 벗겨 준비해주세요. <> 레몬 껍질을 잔에 넣어주세요. <> 브랜디 2 oz, 진저 에일 5 oz 를 잔에 부어주세요. <> 잘 저어주세요.','IBA,ContemporaryClassic','Alcoholic',3),
(17203,13,'샴페인','Ordinary Drink','https://www.thecocktaildb.com/images/media/drink/apneom1504370294.jpg','Kir','키르','크렘 드 카시스 1 oz를 부어주세요. <> 와인 5 oz를 부어 잘 섞어주세요.','IBA,ContemporaryClassic','Alcoholic',14),
(17204,40,'보드카','Ordinary Drink','https://www.thecocktaildb.com/images/media/drink/wx7hsg1504370510.jpg','Long Island Iced Tea','롱 아일랜드 아이스 티','얼음을 채운 하이볼 글라스에 보드카 1/2 oz를 넣어주세요. <> 데킬라, 진, 럼을 1/2 oz 넣어주세요. <> 콜라 1/32 oz를 넣어주고 레몬으로 장식하고 마무리해요.','IBA,ContemporaryClassic,Strong,Asia,StrongFlavor,Brunch,Vegetarian,Sour','Alcoholic',3),
(17205,7,'샴페인','Ordinary Drink','https://www.thecocktaildb.com/images/media/drink/juhcuu1504370685.jpg','Mimosa','미모사','샴페인 2 oz와 오렌지 주스 2 oz를 넣고 섞어주세요.','IBA,ContemporaryClassic,파티','Alcoholic',7),
(17206,25,'위스키','Ordinary Drink','https://www.thecocktaildb.com/images/media/drink/squyyq1439907312.jpg','Mint Julep','민트 줄렙','하이볼 글라스에 민트 4장을 넣어주세요. <> 설탕과 설탕이 녹을 정도의 소량의 물을 넣어주세요. <> 위스키 2 1/2 oz를 넣어주세요. <> 스푼으로 민트잎을 으깨어서 향을 내주세요.','IBA,ContemporaryClassic,파티','Alcoholic',1),
(17207,20,'럼','Ordinary Drink','https://www.thecocktaildb.com/images/media/drink/cpf4j51504371346.jpg','Pina Colada','피나 콜라다','믹서기에 럼 3 oz를 넣어주세요. <> 코코넛 우유 1 oz를 넣어주세요. <> 파인애플 1 oz를 넣고 믹서를 돌려주세요. ','IBA,ContemporaryClassic','Alcoholic',1),
(17208,27,'키르슈','Ordinary Drink','https://www.thecocktaildb.com/images/media/drink/8kxbvq1504371462.jpg','Rose','로즈','키르슈 2/3 oz를 넣어주세요. <> 드라이 베르무트 1 1/3 oz를 넣어주세요. <> 딸기 시럽 3 방울을 넣어주세요. <> 쉐이커에 얼음과 함께 넣고 섞어주세요. <> 냉각된 잔에 따라서 체리를 얹어 장식해주세요.','IBA,ContemporaryClassic','Alcoholic',2),
(17209,17,'골드 럼','Ordinary Drink','https://www.thecocktaildb.com/images/media/drink/jwmr1x1504372337.jpg','Barracuda','바라쿠다','골드럼 1 1/2 oz와 갈리아노 1/2 o를 쉐이커에 부어주세요. <> 파인애플 주스 2oz와 라임 주스도 부어주세요.  <>  얼음을 넣고 쉐이커를 잘 흔든 뒤, 얼음을 걸러 잔에 부어주세요. <> 스파클링 와인을 위에 살짝 부어 얹어주세요.','IBA,NewEra','Alcoholic',8),
(17210,23,'진','Ordinary Drink','https://www.thecocktaildb.com/images/media/drink/twtbh51630406392.jpg','Bramble','브램블','셰이커에 얼음과 진 1.5 oz를 넣어주세요. <> 레몬즙 1 oz과 시럽 0.5 oz를 넣어주세요. <> 음료가 잘 섞이도록 셰이커를 힘차게 흔들어 주세요. <> 크림 리큐어 1 oz를 넣고 블랙베리로 장식 후 마무리해요.','IBA,NewEra','Alcoholic',4),
(17211,13,'다크 럼','Ordinary Drink','https://www.thecocktaildb.com/images/media/drink/t1tn0s1504374905.jpg','Dark and Stormy','다크 앤 스토미','하이볼 잔을 얼음으로 채워주세요. <> 다크럼 2 oz를 넣고 진저비어 3 1/3 oz를 따라주세요. <> 라임 한 조각을 짜서 넣어주세요.','IBA,NewEra, 연인','Alcoholic',3),
(17212,30,'보드카','Cocktail','https://www.thecocktaildb.com/images/media/drink/n0sx531504372951.jpg','Espresso Martini','에스프레소 마티니','보드카 2 oz, 깔루아 1 oz 를 준비해주세요. <> 설탕시럽 1/3 oz를 준비해주세요. <> 리스트레토 에스프레소 1 shot을 준비해주세요. <> 얼음과 모든 재료를 쉐이커에 넣고 흔들어주세요.','IBA,NewEra','Alcoholic',2),
(17213,27,'보드카','Cocktail','https://www.thecocktaildb.com/images/media/drink/clth721504373134.jpg','French Martini','프렌치 마티니','보드카 3/4 oz를 준비해주세요. <> 라즈베리 리큐르 1/4 oz를 준비해주세요. <> 파인애플 주스 1/4 oz를 준비해주세요. <> 얼음을 넣은 쉐이커에 모든 재료를 넣고 흔들어 주세요.','NewEra,IBA','Alcoholic',2),
(17214,16,'보드카','Ordinary Drink','https://www.thecocktaildb.com/images/media/drink/ctt20s1504373488.jpg','Russian Spring Punch','러시안 스프링 펀치','보드카 5/6 oz 넣어주세요. <> 라임 주스를 5/6 oz 넣어주세요. <> 크렘 드 카시스를 1/2 oz 넣어주세요.  <> 설탕 시럽 1/3 oz 넣어주세요. <> 쉐이킹을 해주세요.<> 스파클링 와인으로 잔을 가득 채워주세요.','IBA,NewEra','Alcoholic',3),
(17216,30,'데킬라','Ordinary Drink','https://www.thecocktaildb.com/images/media/drink/loezxn1504373874.jpg','Tommy\'s Margarita','토미스 마가리타','데킬라 레포사도 2 oz를 준비해주세요. <> 라임 주스 1 oz를 준비해주세요. <> 아가베 시럽 1 oz를 준비해주세요. <> 얼음과 함께 쉐이킹해 주세요. <> 얼음을 걸러내고 차가운 올드 패션드 글라스에 따라주세요.','IBA,NewEra','Alcoholic',4),
(17217,18,'데킬라','Ordinary Drink','https://www.thecocktaildb.com/images/media/drink/yfhn371504374246.jpg','Vampiro','뱀피로','데킬라 1 2/3 oz를 준비해주세요. <> 토마토 주스 2 1/3 oz를 준비해주세요. <> 오렌지 주스 1 oz를 준비해주세요. <> 라임 주스 1/3 oz를 준비해주세요. <> 꿀 1 tsp를 준비해주세요. <> 다진 양파 반 개를 준비해주세요. <> 얇게 썬 레드 칠리 약간을 준비해주세요. <> 우스터 소스 약간을 준비해주세요. <> 쉐이커에 모든 재료를 담아 얼음과 쉐이킹해 주세요. <> 얼음을 거른 후  하이볼 글라스에 담아주세요. <> 라임과 칠리로 장식해주세요.','IBA,NewEra','Alcoholic',4),
(17218,38,'진','Cocktail','https://www.thecocktaildb.com/images/media/drink/mtdxpa1504374514.jpg','Vesper','베스퍼','진 1/2 oz를 준비해주세요. <> 보드카 1/2 oz를 준비해주세요. <> 릴렛 블랑 1/4 oz를 준비해주세요. <> 재료들을 쉐이킹해 주세요. <> 얼음을 걸러내고 차갑게 식힌 마티니 글라스에 담아주세요. <> 레몬 필로 가니쉬해 주세요.','IBA,NewEra','Alcoholic',2),
(17219,31,'화이트 럼','Cocktail','https://www.thecocktaildb.com/images/media/drink/2t9r6w1504374811.jpg','Yellow Bird','옐로 버드','화이트 럼 1 oz를 준비해주세요. <> 갈리아노 1/2 oz를 준비해주세요. <> 트리플 섹 1/2 oz를 준비해주세요. <> 라임 주스 1/2 oz를 준비해주세요. <> 쉐이킹 후 차갑게 식힌 마티니 글라스에 담아주세요.','IBA,NewEra','Alcoholic',2),
(17268,21,'럼','Cocktail','https://www.thecocktaildb.com/images/media/drink/nwx02s1515795822.jpg','Blue Hurricane','블루 허리케인','럼 4 oz, 다크 럼 2 oz를 준비해주세요. <> 파소아 1 oz, 블루 큐라소 1 oz를 준비해주세요. <> 스윗 앤 사워 6 oz를 준비해주세요. <> 재료들과 얼음을 모으고 잘 저어주세요.','Colourful, Blue','Alcoholic',3),
(17837,25,'다크 럼','Ordinary Drink','https://www.thecocktaildb.com/images/media/drink/v0at4i1582478473.jpg','Adam','애덤','셰이커에 얼음을 절반을 채워주세요. <> 럼 2 oz, 레몬 주스 1 oz, 그레나딘 1 tsp을 준비해주세요. <> 셰이커에 넣고 흔들어주세요. <> 칵테일 글라스에 넣어주세요.','Alcoholic,Holiday,특별','Alcoholic',2),
(178306,28,'삼부카','Shot','https://www.thecocktaildb.com/images/media/drink/l9tgru1551439725.jpg','Slippery Nipple','슬리퍼리 니플','삼부카 1/2 oz를 준비해주세요. <> 샷 글라스에 담아주세요. <> 아일랜드 크림을 올려주세요.','Adult','Alcoholic',6),
(178307,24,'데킬라','Shot','https://www.thecocktaildb.com/images/media/drink/43uhr51551451311.jpg','Tequila Slammer','데킬라 슬래머','1 1/2 oz의 데킬라를 준비해주세요. <> 나머지 잔을 탄산수로 채워주세요. <> 잔을 손으로 덮어 테이블에 강하게 내리치세요.','Drunk','Alcoholic',11),
(178308,12,'프로세코','Cocktail','https://www.thecocktaildb.com/images/media/drink/51ezka1551456113.jpg','Spritz Veneziano','스프리츠 베네치아','1 2/3 oz 아페롤을 준비해주세요. <> 2 1/2 oz 프로세코를 준비해주세요. <> 3/4 oz 소다수를 준비해주세요. <> 와인 글래스에 얼음을 채우고 모든 재료를 넣어주세요. <> 오렌지로 장식해주세요.','Kids,Calorific','Alcoholic',14),
(178309,9,'럼','Cocktail','https://www.thecocktaildb.com/images/media/drink/acvf171561574403.jpg','Espresso Rumtini','에스프레소 럼티니','럼 1 oz, 바닐라 시럽 1/2 oz를 준비해주세요. <> 에스프레소 1 샷을 준비해주세요. <> 모든 재료를 섞어주세요. <> 초콜릿 가루, 커피콩으로 장식해주세요.','DinnerParty,StrongFlavor','Alcoholic',2),
(178310,26,'위스키','Cocktail','https://www.thecocktaildb.com/images/media/drink/ojsezf1582477277.jpg','Brooklyn','브루클린','호밀 위스키 2 oz와 드라이 베르무트 1 oz를 준비해주세요. <> 마라스치노 리큐르를 1/4 oz를 준비해주세요. <> 앙고스투라 비터스 3dashes를 준비해주세요. <> 마라스치노 체리를 1개 준비해주세요. <> 재료들과 얼음을 모으고 잘 저어주세요. <> 차가운 칵테일 글라스에 넣어주세요.','Alcoholic,Sweet,DateNight,USA','Alcoholic',2),
(178312,11,'보드카','Punch / Party Drink','https://www.thecocktaildb.com/images/media/drink/5yhd3n1571687385.jpg','Bloody Punch','블러디 펀치','보드카 10 샷과 딸기 3컵, 라임주스 1컵을 준비해주세요. <> 건포도 1컵, 블루베리 1컵을 준비해주세요. <> 레몬 라임 소다 12 oz 준비해주세요. <> 펀치 볼에 모든 재료를 넣고 섞어주세요.','Halloween','Alcoholic',9),
(178313,9,'','Punch / Party Drink','https://www.thecocktaildb.com/images/media/drink/7hcgyj1571687671.jpg','Halloween Punch','할로윈 펀치','재료를 큰 냄비에 넣고 끓인 후 식혀주세요. <> 4시간에서 최대 2일 동안 식혀주세요. <> 보드카를 추가해주세요.','Halloween','Alcoholic',9),
(178314,24,'진','Cocktail','https://www.thecocktaildb.com/images/media/drink/jqh2141572807327.jpg','Gin Basil Smash','진 바질 스매쉬','바질 10 ~ 12 잎을 준비해주세요. <> 쉐이커에 진과 바질 잎을 넣고 으깨주세요. <> 레몬 주스 2/3 oz, 설탕 시럽 2/3 oz를 넣고 섞어주세요. <> 바질 잎을 걸러 얼음을 채운 잔에 따라주세요.','Europe,Summer','Alcoholic',3),
(178315,12,'진','Cocktail','https://www.thecocktaildb.com/images/media/drink/rj55pl1582476101.jpg','Munich Mule','뮌헨 뮬','잔에 진 1.5 oz를 넣어주세요. <> 라임 주스 0.7 oz를 넣어주세요. <> 진저 비어 3 oz를 넣고 섞어주세요. <> 오이나 레몬으로 장식 후 마무리해요.','German','Alcoholic',3),
(178316,27,'화이트 럼','Cocktail','https://www.thecocktaildb.com/images/media/drink/vu8l7t1582475673.jpg','Honey Bee','허니 비','화이트 럼 2 oz를 준비해주세요. <> 꿀 2/3 oz, 레몬주스 2/3 oz를 준비해주세요. <> 부순 얼음과 흔들어 섞어 주세요.','Sweet','Alcoholic',8),
(178321,12,'와인','Cocktail','https://www.thecocktaildb.com/images/media/drink/92h3jz1582474310.jpg','Amaretto fizz','아마 레토 피즈','주전자를 준비해주세요. <> 아마레토 4cl, 오렌지 주스 6cl 및 스파클링 와인 15cl을 혼합해주세요. <> 원하신다면 각 유리에 오렌지 향을 추가해주세요.','Christmas,특별','Alcoholic',1),
(178322,20,'럼','Cocktail','https://www.thecocktaildb.com/images/media/drink/0108c41576797064.jpg','Spice 75','스파이스 75','라임 주스 2/3 oz를 준비해주세요. <> 1 1/3 oz 럼을 준비해주세요. <> 1/3 oz 설탕 시럽을 준비해주세요. <> 얼음과 함께 쉐이커로 쉐이킹 해주세요. <> 샴페인 4 oz를 넣어주세요. <> 오렌지 트위스트로 장식해주세요.','Christmas,특별','Alcoholic',14),
(178326,12,'와인','Punch / Party Drink','https://www.thecocktaildb.com/images/media/drink/hnuod91587851576.jpg','White Wine Sangria','화이트 와인 샹그리아','중간 크기의 오렌지 3개를 준비해주세요. <> 쐐기 모양으로 썰은 레몬 1개를 준비해주세요.  <> 쐐기 모양으로 썰은 라임 1개를 준비해주세요. <> 모든 재료를 피쳐 잔에 담아주세요. <> 오렌지 주스 1컵을 넣어주세요. <> 화이트 와인 25 oz를 넣어주세요. <> 브랜디 2 oz와 설탕 2/3 컵을 넣어주세요. <> 설탕이 녹도록 잘 저어주세요. <> 서빙 전에 2 컵의 클럽 소다나 진저 에일을 넣어주세요.','Spanish,파티','Alcoholic',18),
(178334,22,'압생트','Cocktail','https://www.thecocktaildb.com/images/media/drink/y7s3rh1598719574.jpg','Death in the Afternoon','오후의 죽음','압생트를 글라스의 1/3까지 채워주세요. <> 샴페인으로 나머지 잔을 채워주세요.','Drunk','Alcoholic',8),
(178335,6,'리큐어','Cocktail','https://www.thecocktaildb.com/images/media/drink/rytuex1598719770.jpg','Lazy Coconut Paloma','레이지 코코넛 팔로마','하이볼 글라스에 코코넛 리큐어 1 oz를 넣어주세요. <> 자몽 주스 2 1/2 oz를 넣어주세요. <> 소다수를 넣고 섞어주세요. <> 큰 자몽으로 장식 후 마무리해요.','Lazy, Sharp','Alcoholic',3),
(178336,16,'다크 럼','Cocktail','https://www.thecocktaildb.com/images/media/drink/07iep51598719977.jpg','Blueberry Mojito','블루베리 모히또','다크 럼 2 샷, 라임 주스 1 샷을 준비해주세요. <> 약간의 설탕과 블루베리, 레몬 라임 소다를 준비해주세요. <> 재료들과 얼음을 모으고 잘 저어주세요.','Fruity','Alcoholic',3),
(178337,6,'리큐르','Cocktail','https://www.thecocktaildb.com/images/media/drink/ne7re71604179012.jpg','Autumn Garibaldi','어텀 가리발디','캄파리 1 1/2 oz, 오렌지 주스 2 1/2 oz를 준비해주세요. <> 진저 맥주 2 1/2 oz를 준비해주세요. <> 모든 재료를 얼음과 함께 잔에 넣어주세요. <> 숟가락으로 저어주세요. <> 오렌지 조각으로 장식해주세요.','Kids','Alcoholic',5),
(178338,18,'럼','Cocktail','https://www.thecocktaildb.com/images/media/drink/4tymma1604179273.jpg','Pure Passion','순수한 열정','럼 1.5 oz를 넣어주세요. <> 파소아 0.8 oz를 넣어주세요. <> 라임 주스 1 oz를 넣어주세요. <> 패션 후르츠 시럽 0.5 oz를 넣고 섞어주세요.','Passion','Alcoholic',12),
(178339,31,'럼','Cocktail','https://www.thecocktaildb.com/images/media/drink/opxjzh1604179528.jpg','The Strange Weaver','더 스트레인지 위버','럼 1 oz를 준비해주세요. <> 진 1 oz를 준비해주세요. <> 달콤한 버몬트 3/4 oz를 준비해주세요. <> 캄파리 3/4 oz를 준비해주세요. <> 레몬 주스 1/32 oz를 준비해주세요. <> 오르가트 시럽 1/32 oz를 준비해주세요. <> 얼음과 함께 천천히 섞고 오렌지 껍질로 장식해주세요.','Classy','Alcoholic',1),
(178340,13,'진','Cocktail','https://www.thecocktaildb.com/images/media/drink/kb4bjg1604179771.jpg','Garibaldi Negroni','가리발디 네그로니','진 1 oz, 캄파리 1 oz를 준비해주세요. <> 오렌지 주스 3 oz를 준비해주세요. <> 쉐이커에 모든 재료를 넣어 섞어주세요. <> 오렌지 조각으로 장식해주세요.','Orange','Alcoholic',3),
(178341,26,'진','Cocktail','https://www.thecocktaildb.com/images/media/drink/mokcas1604179977.jpg','Orange Rosemary Collins','오렌지 로즈마리 콜린스','잔에 소다수를 넣어주세요. <> 진 1.5 oz를 넣어주세요. <> 오렌지 주스와 레몬주스를 넣어주세요. <> 오렌지 조각과 로즈마리로 장식 후 마무리해요.','Citrus','Alcoholic',3),
(178342,11,'진','Cocktail','https://www.thecocktaildb.com/images/media/drink/nzlyc81605905755.jpg','Gin and Soda','진 앤 소다','진 2 oz, 탄산수 5 oz를 준비해주세요. <> 조각 얼음으로 가득채운 잔에 붓고 잘 저어주세요. <> 라임으로 장식해주세요.','Clear,Alcoholic','Alcoholic',3),
(178343,2,'맥주','Cocktail','https://www.thecocktaildb.com/images/media/drink/u736bd1605907086.jpg','Michelada','미첼라다','글라스 테두리에 소금을 붙여주세요. <> 맥주 4 oz를 넣어주세요. <> 토마토 주스 4 oz를 넣어주세요. 라임 주스를 3/8 oz를 넣어주세요. <> 핫 소스와 우스터 소스, 간장 소스를 1/32 oz 넣어주세요. <> 음료가 잘 섞이도록 섞어주세요.','Hangover,StrongFlavor,Breakfast,혼술','Alcoholic',16),
(178344,6,'보드카','Cocktail','https://www.thecocktaildb.com/images/media/drink/pbw4e51606766578.jpg','Figgy Thyme','피기 타임','얼음을 잘게 부숴주세요. <> 잔에 얼음을 부어주세요. <> 쉐이커에 무화과 백리향을 넣어 으깨주세요. <> 보드카 2 oz, 꿀 1 티스푼을 넣고 흔들어주세요.  <> 토닉워터를 부어주세요. <> 앙고스투라 비터스를 2 ~ 3 방울 떨어뜨려주세요.','Christmas,Sweet','Alcoholic',3),
(178345,11,'위스키','Cocktail','https://www.thecocktaildb.com/images/media/drink/ggx0lv1613942306.jpg','Hot Toddy','핫 토디','위스키와 꿀을 넣고 저어주세요. <> 계피 스틱을 넣고 끓는 물을 부어주세요. <> 레몬 즙을 넣어주세요. <> 정향으로 장식해주세요.','Winter','Alcoholic',13),
(178346,22,'카사샤','Cocktail','https://www.thecocktaildb.com/images/media/drink/dif7a31614006331.jpg','Elderflower Caipirinha','카이피리냐','카샤사 2 oz, 라임 1 개, 설탕 2/3 oz를 준비해주세요. <> 글라스에 라임과 설탕을 넣고 으깨주세요. <> 잘게 부순 얼음과 카샤사를 넣고 저어주세요.','Brazilian,파티','Alcoholic',1),
(178347,20,'데킬라','Beer','https://www.thecocktaildb.com/images/media/drink/fwpd0v1614006733.jpg','Winter Rita','윈터 리타','데킬라 1 2/3 oz를 준비해주세요. <> 캄파리 1/4 oz를 준비해주세요. <> 라임 주스 3/4 oz를 준비해주세요. <> 오렌지 주스 1/2 oz를 준비해주세요. <> 로즈마리 시럽 1/2 oz를 준비해주세요. <> 소금 1/32 oz 준비해주세요. <> 모든 재료를 얼음과 함께 쉐이킹해 주세요. <> 얼음을 걸러내어 하이볼 글라스에 얼음과 함께 담아주세요.','Winter','Alcoholic',3),
(178348,29,'데킬라','Cocktail','https://www.thecocktaildb.com/images/media/drink/u5f0pz1614007748.jpg','Winter Paloma','윈터 팔로마','1 1/2 oz 데킬라 블랑코를 준비해주세요. <> 2 oz 크랜베리 주스를 준비해주세요. <> 1 oz 석류 주스를 준비해주세요. <> 얼음과 함께 쉐이킹해 주세요. <> 얼음이 든 하이볼 잔에 부어주세요. <> 소다수를 넣고 스터해 주세요. <> 라임 웨지로 장식해주세요.','Winter','Alcoholic',3),
(178349,26,'보드카','Cocktail','https://www.thecocktaildb.com/images/media/drink/4n1ipk1614009624.jpg','Snowday','스노우데이','보드카 1 oz 를 준비해주세요. <> 아마로 몬테그로 1 oz를 준비해주세요. <> 루비 포트 1 oz를 준비해주세요. <> 블러드 오렌지 1 tsp을 준비해주세요. <> 앙고스투라 비터  1/32 oz 를 준비해주세요. <> 차갑게 식힌 락 글라스에 따라내주세요. <> 오렌지 껍질을 음료에 장식해주세요.','Winter','Alcoholic',1),
(178350,30,'다크 럼','Cocktail','https://www.thecocktaildb.com/images/media/drink/sy7y6r1614775067.jpg','The Galah','더 갈라','다크 럼 1 1/2 oz를 준비해주세요. <> 캄파리 1 1/2 oz를 준비해주세요. <> 크림 드 바나나를 3/4 oz 준비해주세요. <>  섞은 후에 파인애플과 라임 주스를 얹어주세요.','Dark','Alcoholic',1),
(178352,8,'로제 와인','Cocktail','https://www.thecocktaildb.com/images/media/drink/b4cadp1619695347.jpg','Frose','프로제','로제 와인 1 병, 설탕 1/2 컵을 준비해주세요. <> 꼭지를 딴 딸기 8 oz, 레몬즙 1/2 컵을 준비해주세요. <> 재료를 모두 섞어 퓌레를 만들어주세요. <> 퓌레를 케이크 팬에 붓고 얼려주세요. <> 얼린 퓌레로 슬러시를 만들어주세요.','Cold, Frozen, Summer','Alcoholic',2),
(178353,29,'브랜디','Cocktail','https://www.thecocktaildb.com/images/media/drink/66mt9b1619695719.jpg','Apple Highball','애플 하이볼','하이볼 글라스에 얼음을 넣어주세요. <> 림 주위에 라임을 문질러주세요. <> 문지른 라임을 글라스에 넣어주세요. <> 애플 스냅스 1샷을 넣어주세요. <> 코냑 1샷을 넣어주세요. <> 그 위에 진저 에일을 올려주세요.','Classy, Spicy','Alcoholic',3),
(178354,19,'진','Cocktail','https://www.thecocktaildb.com/images/media/drink/lnjoc81619696191.jpg','Pink Moon','핑크문','셰이커에 얼음과 진 1.5 oz를 넣어주세요. <> 코코넛 리큐어 1.5 oz를 넣어주세요. <> 엘더플라워 코디얼 1/4 oz를 넣어주세요. <> 라임주스 1 oz를 넣어주세요. <> 음료가 잘 섞이도록 셰이커를 힘차게 흔들어 주세요. <> 블랙베리로 장식 후 마무리해요.','Fresh, Summer, Colourful, Nature','Alcoholic',10),
(178355,23,'진','Cocktail','https://www.thecocktaildb.com/images/media/drink/stwiva1619704025.jpg','Mountain Bramble','마운틴 브램블','잔에 블랙베리를 넣어주세요. <> 셰이커에 얼음과 진 2 oz를 넣어주세요. <> 레몬 주스 0.75 oz를 넣어주세요. <> 설탕 시럽 0.75 oz를 넣어주세요. <> 음료가 잘 섞이도록 셰이커를 힘차게 흔들어 주세요. <> 소다수를 얹고 블랙베리와 민트로 장식 후 마무리해요.','Dark, Fruity','Alcoholic',4),
(178356,18,'보드카','Cocktail','https://www.thecocktaildb.com/images/media/drink/ht3hnk1619704289.jpg','Butterfly Effect','나비효과','라즈베리 보드카 50ml, 크랜베리 주스 25ml, 레몬에이드 25ml, 퀴라소 리큐어 10ml, 설탕 시럽 10ml, 라임주스 Dash, 민트잎을 준비해주세요. <> 셰이커에 얼음으로 채워주세요. <> 레몬에이드를 제외한 모든 재료를 넣고 섞어주세요. <> 허리케인 글라스에 얼음을 넣어주세요. <> 라즈베리 보드카 칵테일을 허리케인 글라스에 넣어주세요. <> 레몬에이드를 위에 따라주세요. <> 민트잎을 올려 마무리해주세요.','Purple, Colourful','Alcoholic',11),
(178357,18,'보드카','Cocktail','https://www.thecocktaildb.com/images/media/drink/xjhjdf1630406071.jpg','Pornstar Martini','포르노스타 마티니','셰이커에 얼음과 보드카 1 oz를 넣어주세요. <> 파소아 1 oz를 넣어주세요. <> 패션 후르츠 주스를 0.3 oz 넣어주세요. <> 라임 0.3 oz를 넣어주세요. <> 과일로 장식 후 마무리해요.','Adult, Shot, Bubbly','Alcoholic',2),
(178358,32,'화이트 럼','Cocktail','https://www.thecocktaildb.com/images/media/drink/wfqmgm1630406820.jpg','Mango Mojito','망고 모히또','잔에 화이트 럼 6 oz를 넣어주세요. <> 라임 3개를 준비해서 즙으로 만들어 주세요. <> 민트 5장을 빻아서 넣어주세요. <> 망고 4 oz를 넣어주세요. <> 소다수를 넣고 잘 섞어주세요. <> 망고나 라임으로 장식 후 마무리해요.','Fruity','Alcoholic',15),
(178359,22,'보드카','Cocktail','https://www.thecocktaildb.com/images/media/drink/bmxmyq1630407098.jpg','Kiwi Martini','키위 마티니','셰이커에 보드카 1 oz과 키위를 넣어주세요. <> 시럽 1 tsp를 넣어주세요. <> 음료가 잘 섞이도록 셰이커를 힘차게 흔들어 주세요.','Green, Sharp','Alcoholic',2),
(178360,21,'보드카','Cocktail','https://www.thecocktaildb.com/images/media/drink/125w0o1630407389.jpg','Lemon Elderflower Spritzer','레몬 에드플라워 스프리처','하이볼 글라스에 보드카 1 oz를 넣어주세요. <> 에드플라워 코디얼을 2 tsp 넣어주세요. <> 레몬 주스 글라스의 1/3 만큼 따라주세요. <> 음료가 잘 섞이도록 저어주세요.','Summer, Fresh, Refreshing,파티','Alcoholic',3),
(178361,27,'진','Cocktail','https://www.thecocktaildb.com/images/media/drink/3xgldt1513707271.jpg','Gimlet','김렛','진 2 1/2 oz을 준비해주세요. <> 라임즙 1/2 oz, 설탕 시럽 1/2 oz 를 준비해주세요. <> 라임 1개를 준비해주세요. <> 모든 재료를 쉐이커에 넣고 흔들어주세요. <> 라임으로 장식해주세요.','혼술','Alcoholic',2),
(178363,27,'진','Cocktail','https://upload.wikimedia.org/wikipedia/commons/thumb/2/23/Hanky_Panky_cocktail.jpg/900px-Hanky_Panky_cocktail.jpg?20131116235019','hanky-panky','행키 팽키','진 1 1/2 oz를 준비해주세요. <> 스위트 베르무트 1 1/2oz를 준비해주세요. <> 페르넷 브랑카 1/4 oz를 준비해주세요. <> 재로를 믹싱 글라스에 넣고 저어주세요. <> 오렌지 필로 장식해주세요.','파티','Alcoholic',2);
/*!40000 ALTER TABLE `cocktail` ENABLE KEYS */;
UNLOCK TABLES;

--
-- Table structure for table `cocktail_awards`
--

DROP TABLE IF EXISTS `cocktail_awards`;
/*!40101 SET @saved_cs_client     = @@character_set_client */;
/*!40101 SET character_set_client = utf8 */;
CREATE TABLE `cocktail_awards` (
  `contest_title` varchar(255) COLLATE utf8mb4_unicode_ci DEFAULT NULL,
  `p_id` bigint(20) NOT NULL,
  PRIMARY KEY (`p_id`),
  CONSTRAINT `post_to_awards` FOREIGN KEY (`p_id`) REFERENCES `post` (`p_id`) ON DELETE CASCADE
) ENGINE=InnoDB DEFAULT CHARSET=utf8mb4 COLLATE=utf8mb4_unicode_ci;
/*!40101 SET character_set_client = @saved_cs_client */;

--
-- Dumping data for table `cocktail_awards`
--

LOCK TABLES `cocktail_awards` WRITE;
/*!40000 ALTER TABLE `cocktail_awards` DISABLE KEYS */;
INSERT INTO `cocktail_awards` VALUES
('블루베리 마이쮸',1084),
('레모레모레모네',1106),
('썬라이즈 칵테일',3007),
('큐컴버 마가리타',5036),
('올드 패션드',5044),
('올리브하나',6134),
('라즈베리펀치',17023);
/*!40000 ALTER TABLE `cocktail_awards` ENABLE KEYS */;
UNLOCK TABLES;

--
-- Table structure for table `cocktail_bookmark`
--

DROP TABLE IF EXISTS `cocktail_bookmark`;
/*!40101 SET @saved_cs_client     = @@character_set_client */;
/*!40101 SET character_set_client = utf8 */;
CREATE TABLE `cocktail_bookmark` (
  `c_id` bigint(20) NOT NULL,
  `m_id` bigint(20) NOT NULL,
  PRIMARY KEY (`c_id`,`m_id`),
  KEY `bookmark_of_user` (`m_id`),
  CONSTRAINT `bookmark_of` FOREIGN KEY (`c_id`) REFERENCES `cocktail` (`c_id`) ON DELETE CASCADE,
  CONSTRAINT `bookmark_of_user` FOREIGN KEY (`m_id`) REFERENCES `member` (`uid`) ON DELETE CASCADE
) ENGINE=InnoDB DEFAULT CHARSET=utf8mb4 COLLATE=utf8mb4_unicode_ci;
/*!40101 SET character_set_client = @saved_cs_client */;

--
-- Dumping data for table `cocktail_bookmark`
--

LOCK TABLES `cocktail_bookmark` WRITE;
/*!40000 ALTER TABLE `cocktail_bookmark` DISABLE KEYS */;
INSERT INTO `cocktail_bookmark` VALUES
(11000,1008),
(11001,1001),
(11001,1008),
(11003,1001),
(11004,3),
(11004,1001),
(11004,1008),
(11007,3),
(11007,1008),
(11008,1001),
(11012,1008),
(11113,2),
(11113,1002),
(11113,1003),
(11113,1008),
(11113,5005),
(11227,1008),
(11288,1001),
(11288,1008),
(11416,3),
(11417,3),
(11690,1008),
(12670,1008),
(13214,1008),
(13971,3),
(17181,2),
(17200,1008),
(17204,2),
(17204,3),
(17204,1002),
(17204,1003),
(17204,1008),
(17204,1062),
(17204,5005),
(17204,7211),
(17205,1008),
(17209,1008),
(178310,2),
(178310,3),
(178310,1001),
(178310,1002),
(178310,1003),
(178310,1008),
(178310,7211),
(178314,3),
(178321,1008),
(178336,1002),
(178336,1003),
(178336,1008),
(178336,5005),
(178345,3),
(178356,3),
(178360,3),
(178361,1008);
/*!40000 ALTER TABLE `cocktail_bookmark` ENABLE KEYS */;
UNLOCK TABLES;

--
-- Table structure for table `cocktail_comment`
--

DROP TABLE IF EXISTS `cocktail_comment`;
/*!40101 SET @saved_cs_client     = @@character_set_client */;
/*!40101 SET character_set_client = utf8 */;
CREATE TABLE `cocktail_comment` (
  `comment_id` bigint(20) NOT NULL,
  `created_date` datetime(6) DEFAULT NULL,
  `modified_date` datetime(6) DEFAULT NULL,
  `cr_comment` varchar(255) COLLATE utf8mb4_unicode_ci DEFAULT NULL,
  `c_id` bigint(20) DEFAULT NULL,
  `uid` bigint(20) DEFAULT NULL,
  PRIMARY KEY (`comment_id`),
  KEY `comment_of_cocktail` (`c_id`),
  KEY `comment_of_member` (`uid`),
  CONSTRAINT `comment_of_cocktail` FOREIGN KEY (`c_id`) REFERENCES `cocktail` (`c_id`) ON DELETE CASCADE,
  CONSTRAINT `comment_of_member` FOREIGN KEY (`uid`) REFERENCES `member` (`uid`) ON DELETE CASCADE
) ENGINE=InnoDB DEFAULT CHARSET=utf8mb4 COLLATE=utf8mb4_unicode_ci;
/*!40101 SET character_set_client = @saved_cs_client */;

--
-- Dumping data for table `cocktail_comment`
--

LOCK TABLES `cocktail_comment` WRITE;
/*!40000 ALTER TABLE `cocktail_comment` DISABLE KEYS */;
INSERT INTO `cocktail_comment` VALUES
(1034,'2022-08-17 10:48:49.508916','2022-08-17 15:00:12.456146','당신의.. 눈동자에 brooklyn Cheers!',178310,1008),
(1035,'2022-08-17 10:49:45.676988','2022-08-17 10:49:45.676988','외관상으로는 복숭아 아이스티 같지만... 그렇다고 홀짝마시게 되면 지옥을 보게 됩니다. 하지만 그만큼 매력덩어리 칵테일 입니다!',17204,1003),
(1044,'2022-08-17 10:54:31.604581','2022-08-17 10:54:31.604581','굿굿 예뻐요',11113,1003),
(1046,'2022-08-17 10:55:24.339878','2022-08-17 10:55:24.339878','이거 완전 맛이씀',178310,1003),
(1047,'2022-08-17 10:55:52.110045','2022-08-17 10:55:52.110045','브루클린 마시따 얍얍얍',178310,1001),
(1098,'2022-08-17 11:20:30.990029','2022-08-17 11:20:30.990029','이거 매력덩어리...',17204,3),
(2007,'2022-08-17 12:57:45.248842','2022-08-17 12:57:45.248842','빨리 취하고싶을땐! 롱티징~~',17204,2),
(3012,'2022-08-17 13:24:18.209925','2022-08-17 13:24:18.209925','미국의 맛이군요 크크',11008,1008),
(3013,'2022-08-17 13:24:45.773403','2022-08-17 13:24:45.773403','민트 줄렙? 안줄랩ㅋ',17206,1008),
(5010,'2022-08-17 14:36:37.554724','2022-08-17 14:36:37.554724','혼자 먹으니 더 맛있네요.. ^^',17204,5005),
(5046,'2022-08-17 15:23:58.113248','2022-08-17 15:24:22.393647','마음이 워~워~되는 맛입니다.',17204,1002),
(6194,'2022-08-17 21:59:19.679980','2022-08-17 21:59:19.679980','약해보이지만 생각보다 강한 술이었어요...',17204,1001),
(7226,'2022-08-18 00:00:02.332014','2022-08-18 00:00:02.332014','ㅇㅅㅇ안녕',178356,5005),
(7255,'2022-08-18 00:39:35.926149','2022-08-18 00:39:35.926149','ㅇㅅㅇ',178358,5005),
(8010,'2022-08-18 02:24:15.763665','2022-08-18 02:24:15.763665','레몬 처돌이인 저는 너무 좋아요~~',14366,2),
(8013,'2022-08-18 02:26:18.735270','2022-08-18 02:26:18.735270','이거 강추임다!!!!!!!!',178310,2);
/*!40000 ALTER TABLE `cocktail_comment` ENABLE KEYS */;
UNLOCK TABLES;

--
-- Table structure for table `cocktail_to_material`
--

DROP TABLE IF EXISTS `cocktail_to_material`;
/*!40101 SET @saved_cs_client     = @@character_set_client */;
/*!40101 SET character_set_client = utf8 */;
CREATE TABLE `cocktail_to_material` (
  `c_id` bigint(20) NOT NULL,
  `m_id` bigint(20) NOT NULL,
  PRIMARY KEY (`m_id`,`c_id`),
  KEY `material_of_cocktail` (`c_id`),
  CONSTRAINT `cocktail_of_material` FOREIGN KEY (`m_id`) REFERENCES `material` (`m_id`) ON DELETE CASCADE ON UPDATE CASCADE,
  CONSTRAINT `material_of_cocktail` FOREIGN KEY (`c_id`) REFERENCES `cocktail` (`c_id`) ON DELETE CASCADE ON UPDATE CASCADE
) ENGINE=InnoDB DEFAULT CHARSET=utf8mb4 COLLATE=utf8mb4_unicode_ci;
/*!40101 SET character_set_client = @saved_cs_client */;

--
-- Dumping data for table `cocktail_to_material`
--

LOCK TABLES `cocktail_to_material` WRITE;
/*!40000 ALTER TABLE `cocktail_to_material` DISABLE KEYS */;
INSERT INTO `cocktail_to_material` VALUES
(11009,1),
(11102,1),
(11113,1),
(11424,1),
(11462,1),
(11600,1),
(12162,1),
(12754,1),
(13377,1),
(17181,1),
(17204,1),
(17212,1),
(17213,1),
(17214,1),
(17218,1),
(178312,1),
(178313,1),
(178344,1),
(178349,1),
(178357,1),
(178359,1),
(178360,1),
(11003,2),
(11005,2),
(11013,2),
(11014,2),
(11034,2),
(11410,2),
(11416,2),
(11417,2),
(12214,2),
(12420,2),
(17180,2),
(17185,2),
(17186,2),
(17187,2),
(17189,2),
(17190,2),
(17194,2),
(17197,2),
(17204,2),
(17208,2),
(17210,2),
(17218,2),
(178314,2),
(178315,2),
(178339,2),
(178340,2),
(178341,2),
(178342,2),
(178354,2),
(178355,2),
(178361,2),
(178363,2),
(17201,3),
(17209,3),
(17268,3),
(178309,3),
(178322,3),
(178338,3),
(11007,4),
(11112,4),
(13621,4),
(17204,4),
(17216,4),
(17217,4),
(178307,4),
(178347,4),
(178348,4),
(11423,5),
(12101,5),
(14366,8),
(14195,9),
(17216,12),
(178348,12),
(178322,14),
(12890,16),
(11012,18),
(11423,18),
(11424,18),
(15200,18),
(17198,18),
(178321,18),
(11001,20),
(11008,20),
(178310,20),
(178344,20),
(178349,20),
(12420,21),
(178308,24),
(11034,26),
(11542,26),
(178326,26),
(12564,28),
(12670,28),
(15106,28),
(178353,29),
(12670,30),
(178326,30),
(11010,32),
(11034,32),
(11050,32),
(17190,32),
(17208,32),
(15853,43),
(11064,47),
(178314,49),
(178343,52),
(17189,53),
(11227,56),
(17202,56),
(178354,60),
(178355,60),
(11004,66),
(17268,67),
(178356,67),
(178312,69),
(178336,69),
(11001,71),
(11008,71),
(11580,71),
(12127,71),
(17206,71),
(11016,74),
(12988,74),
(17184,74),
(17192,74),
(17193,74),
(17202,74),
(13032,77),
(17176,77),
(11202,81),
(178346,81),
(11003,83),
(15941,83),
(178337,83),
(178339,83),
(178340,83),
(178347,83),
(178350,83),
(12954,88),
(11410,89),
(11416,89),
(12214,89),
(11112,94),
(12726,94),
(11227,97),
(17195,97),
(17197,97),
(17203,97),
(17205,97),
(178322,97),
(178334,97),
(12214,100),
(178313,104),
(11004,106),
(11064,106),
(11416,106),
(11690,106),
(12214,106),
(12420,106),
(17185,106),
(12668,115),
(12988,122),
(13032,122),
(178345,122),
(12988,126),
(13032,126),
(178313,126),
(178345,126),
(11580,127),
(11288,128),
(17204,128),
(178335,133),
(178354,133),
(17207,134),
(15200,135),
(11102,138),
(13971,139),
(178309,139),
(11227,141),
(12196,141),
(17198,141),
(178353,141),
(12196,142),
(14366,142),
(17196,142),
(12754,155),
(12890,155),
(13377,155),
(17196,155),
(178356,155),
(12562,161),
(17199,161),
(178350,163),
(11014,164),
(11016,164),
(17200,164),
(17203,165),
(17214,165),
(178315,171),
(13936,176),
(17191,179),
(17211,179),
(17268,179),
(17837,179),
(178336,179),
(178350,179),
(12101,187),
(11005,189),
(12420,189),
(17181,189),
(17208,189),
(178310,189),
(11050,192),
(13214,192),
(17186,192),
(17192,193),
(178309,200),
(178360,217),
(12672,220),
(12728,222),
(11462,223),
(17199,223),
(17209,223),
(17219,223),
(11009,228),
(12630,228),
(12890,228),
(17176,228),
(17202,228),
(17211,229),
(178315,229),
(178337,229),
(12862,230),
(178313,230),
(178353,230),
(15853,238),
(12954,240),
(12754,242),
(13377,242),
(15106,242),
(17201,242),
(178335,242),
(178348,242),
(17200,246),
(11542,250),
(12214,250),
(12560,250),
(12562,250),
(12572,250),
(13621,250),
(15200,250),
(17183,250),
(17186,250),
(17188,250),
(17189,250),
(17208,250),
(17837,250),
(12862,253),
(12722,260),
(178316,260),
(178344,260),
(178345,260),
(178343,266),
(11008,270),
(12670,270),
(12728,270),
(13214,270),
(14195,270),
(17176,270),
(17268,270),
(178358,270),
(178306,272),
(13971,273),
(15853,282),
(17212,282),
(178359,286),
(11012,293),
(11050,293),
(11112,293),
(11113,293),
(11417,293),
(11580,293),
(12196,293),
(12572,293),
(12630,293),
(12726,293),
(12862,293),
(13214,293),
(17180,293),
(17184,293),
(17185,293),
(17194,293),
(17197,293),
(17208,293),
(17210,293),
(17214,293),
(17837,293),
(178314,293),
(178316,293),
(178339,293),
(178341,293),
(178352,293),
(178355,293),
(11013,294),
(11227,294),
(12101,294),
(12127,294),
(12988,294),
(15941,294),
(17202,294),
(17204,294),
(11019,296),
(178312,297),
(178336,297),
(11004,299),
(11112,299),
(11410,299),
(12670,299),
(13036,299),
(14195,299),
(14366,299),
(17181,299),
(17186,299),
(178315,299),
(178326,299),
(178345,299),
(14195,300),
(178356,300),
(11014,304),
(11016,304),
(17200,304),
(11000,305),
(11006,305),
(11050,305),
(11064,305),
(11288,305),
(11690,305),
(17183,305),
(17184,305),
(17188,305),
(17204,305),
(17207,305),
(178339,305),
(11007,308),
(11009,308),
(11064,308),
(11600,308),
(13032,308),
(17183,308),
(17196,308),
(17201,308),
(17209,308),
(17216,308),
(17217,308),
(17219,308),
(178312,308),
(178315,308),
(178322,308),
(178336,308),
(178338,308),
(178343,308),
(178347,308),
(178348,308),
(178350,308),
(178354,308),
(178356,308),
(178361,308),
(178363,308),
(11000,312),
(11006,312),
(11010,312),
(11113,312),
(11202,312),
(11288,312),
(11542,312),
(17176,312),
(178326,312),
(178342,312),
(178346,312),
(178353,312),
(178357,312),
(178358,312),
(178361,312),
(178358,319),
(11008,322),
(11417,322),
(11580,322),
(15106,322),
(17188,322),
(17197,322),
(178310,322),
(12420,323),
(17180,323),
(17185,323),
(17188,323),
(17201,323),
(178310,323),
(12668,333),
(11000,337),
(11416,337),
(17187,337),
(17206,337),
(178338,337),
(178355,337),
(178356,337),
(178358,337),
(11014,344),
(11016,344),
(11005,347),
(17181,347),
(11013,350),
(12420,350),
(17185,350),
(11462,352),
(12162,352),
(12560,352),
(12562,352),
(13032,352),
(13621,352),
(15106,352),
(15200,352),
(17189,352),
(17190,352),
(17191,352),
(17199,352),
(17205,352),
(17217,352),
(178321,352),
(178337,352),
(178340,352),
(178341,352),
(178347,352),
(11008,354),
(15941,354),
(178313,354),
(178321,354),
(178337,354),
(178339,354),
(178340,354),
(178341,354),
(178349,354),
(178363,354),
(178322,357),
(11050,359),
(11416,359),
(11417,359),
(11580,359),
(17197,359),
(11690,362),
(17191,362),
(178339,362),
(12572,372),
(17176,372),
(178357,372),
(178338,373),
(17268,374),
(178338,374),
(178357,374),
(13032,378),
(12754,379),
(17195,379),
(178348,386),
(12127,391),
(13936,392),
(11019,393),
(12560,393),
(12562,393),
(12572,393),
(12862,393),
(12890,393),
(17188,393),
(17191,393),
(17209,393),
(17213,393),
(178350,393),
(12862,397),
(17207,397),
(13214,400),
(17192,406),
(11004,409),
(11006,409),
(11410,409),
(17206,409),
(17208,409),
(178312,412),
(17213,416),
(178356,419),
(178313,422),
(12988,425),
(12127,427),
(178310,436),
(11007,439),
(17217,439),
(178347,439),
(178306,440),
(12954,448),
(11012,453),
(11000,455),
(12668,455),
(12670,455),
(178308,455),
(178326,455),
(178335,455),
(178341,455),
(178342,455),
(178355,455),
(178358,455),
(178360,455),
(11012,458),
(178343,460),
(12670,470),
(12722,470),
(13036,470),
(178312,470),
(178326,470),
(178352,470),
(12630,475),
(17183,475),
(17210,475),
(17212,475),
(17214,475),
(17217,475),
(178314,475),
(178355,475),
(178356,475),
(178359,475),
(178361,475),
(11000,476),
(11001,476),
(11064,476),
(11202,476),
(11227,476),
(11416,476),
(11417,476),
(11580,476),
(12127,476),
(12670,476),
(12862,476),
(12890,476),
(12988,476),
(13036,476),
(13214,476),
(13971,476),
(17197,476),
(178322,476),
(178336,476),
(178352,476),
(11690,480),
(12214,480),
(17268,480),
(11003,482),
(11008,482),
(15941,482),
(178339,482),
(11112,483),
(11113,483),
(11112,492),
(11113,492),
(12726,492),
(17217,492),
(178343,492),
(178344,497),
(11007,498),
(11010,498),
(11019,498),
(11050,498),
(11064,498),
(11600,498),
(11690,498),
(17184,498),
(17194,498),
(17199,498),
(17219,498),
(178309,506),
(11001,513),
(12127,513),
(12722,513),
(12862,513),
(12988,513),
(13036,513),
(17206,513),
(13971,515),
(17193,520),
(17219,523),
(178316,523),
(178358,523),
(178321,525),
(178326,525),
(11113,529),
(178343,529),
(11013,532),
(12672,533),
(12728,533),
(17218,539),
(17187,540),
(178338,540),
(17209,542),
(178308,542),
(178357,542),
(178341,549),
(178354,552),
(178360,552),
(13936,571),
(178307,572),
(178334,573),
(17196,574),
(17210,575),
(17181,576),
(178345,580),
(178341,588),
(178347,588),
(178344,589),
(178344,590),
(178349,592),
(178349,593),
(178349,594),
(178352,595),
(178363,597);
/*!40000 ALTER TABLE `cocktail_to_material` ENABLE KEYS */;
UNLOCK TABLES;

--
-- Table structure for table `cup`
--

DROP TABLE IF EXISTS `cup`;
/*!40101 SET @saved_cs_client     = @@character_set_client */;
/*!40101 SET character_set_client = utf8 */;
CREATE TABLE `cup` (
  `c_id` bigint(20) NOT NULL,
  `c_name` varchar(255) COLLATE utf8mb4_unicode_ci DEFAULT NULL,
  `c_name_kr` varchar(255) COLLATE utf8mb4_unicode_ci DEFAULT NULL,
  PRIMARY KEY (`c_id`)
) ENGINE=InnoDB DEFAULT CHARSET=utf8mb4 COLLATE=utf8mb4_unicode_ci;
/*!40101 SET character_set_client = @saved_cs_client */;

--
-- Dumping data for table `cup`
--

LOCK TABLES `cup` WRITE;
/*!40000 ALTER TABLE `cup` DISABLE KEYS */;
INSERT INTO `cup` VALUES
(1,'아이스티 잔','Collins glass'),
(2,'칵테일 잔','Cocktail glass'),
(3,'하이볼 잔','Highball glass'),
(4,'온더락 잔','Old-Fashioned glass'),
(5,'코디얼 잔','Cordial glass'),
(6,'샷 잔','Shot glass'),
(7,'샴페인 잔','Champagne flute'),
(8,'마르가리타 잔','Margarita glass'),
(9,'화채 그릇','Punch bowl'),
(10,'위스키 잔','Whiskey Glass'),
(11,'허리케인 잔','Hurricane glass'),
(12,'위스키 사워 잔','Whiskey sour glass'),
(13,'아이리쉬 커피 잔','Irish coffee cup'),
(14,'와인 잔','Wine Glass'),
(15,'유리병','Jar'),
(16,'맥주잔','Pint glass'),
(17,'머그잔','Copper Mug'),
(18,'유리물병','Pitcher'),
(19,'커피잔','Coffee mug');
/*!40000 ALTER TABLE `cup` ENABLE KEYS */;
UNLOCK TABLES;

--
-- Table structure for table `custom_cocktail`
--

DROP TABLE IF EXISTS `custom_cocktail`;
/*!40101 SET @saved_cs_client     = @@character_set_client */;
/*!40101 SET character_set_client = utf8 */;
CREATE TABLE `custom_cocktail` (
  `cc_cocktail_ingredients` varchar(255) COLLATE utf8mb4_unicode_ci DEFAULT NULL,
  `cc_cocktail_recipe` varchar(255) COLLATE utf8mb4_unicode_ci DEFAULT NULL,
  `cc_cocktail_title` varchar(255) COLLATE utf8mb4_unicode_ci DEFAULT NULL,
  `p_id` bigint(20) NOT NULL,
  PRIMARY KEY (`p_id`),
  CONSTRAINT `post_to_custom_cocktail` FOREIGN KEY (`p_id`) REFERENCES `post` (`p_id`) ON DELETE CASCADE
) ENGINE=InnoDB DEFAULT CHARSET=utf8mb4 COLLATE=utf8mb4_unicode_ci;
/*!40101 SET character_set_client = @saved_cs_client */;

--
-- Dumping data for table `custom_cocktail`
--

LOCK TABLES `custom_cocktail` WRITE;
/*!40000 ALTER TABLE `custom_cocktail` DISABLE KEYS */;
INSERT INTO `custom_cocktail` VALUES
('보드카, 진, 데킬라, 코카콜라, 레몬 껍질, 라이트 럼, 레몬 즙','얼음을 채운 하이볼 글라스에 보드카 1/2 oz를 넣어주세요. <> 데킬라, 진, 럼을 1/2 oz 넣어주세요. <> 레몬 즙을 많이 넣어주세요. <> 콜라 1/32 oz를 넣어주고 레몬으로 장식하고 마무리해요.','롱 아일랜드 레몬 티',1039),
('블루베리, 다크럼, 레몬 라임 소다, 라임 즙, 설탕','다크 럼 2 샷, 라임 주스 1 샷을 준비해주세요. <> 약간의 설탕과 블루베리, 레몬 라임 소다를 준비해주세요. <> 재료들과 얼음을 모으고 잘 저어주세요.','블락비 모히또',1056),
('라이트 럼, 라임, 민트, 소다수, 설탕, 깻잎','글라스에 럼 2~3 oz를 넣어주세요. <> 라임 1개를 짜 넣어주세요. <> 산지직송 깻잎 10장을 다져서 설탕과 함께 넣어주세요. <> 민트 잎으로 장식하고 마무리해요.','깻잎 모히또',1059),
('바카디, 코코넛 밀크, 얼음, 고운 설탕','바카디 1oz를 컵에 넣어주세요. <> 코코넛 밀크 1/2 oz를 넣어주세요. <> 셰이커에 얼음을 담아주세요. <> 바카디와 코코넛 밀크 혼합을 조심히 담아주세요. <> 셰이커를 흔들어주세요. <> 고운 설탕을 올려 마무리해주세요.','사장님인심이야바카디',1120),
('보드카, 진, 데킬라, 코카콜라, 레몬 껍질, 라이트 럼','얼음을 채운 하이볼 글라스에 보드카 1/4 oz를 넣어주세요. <> 데킬라, 진, 럼을 1/4 oz 넣어주세요. <> 콜라 1/32 oz를 넣어주고 레몬으로 장식하고 마무리해요.','우먼스롱티',2010),
('럼, 블루 큐라소, 말리부, 파인애플 주스','모든 재료를 함께 넣고 간 얼음과 함께 블렌딩한다. <> 파인애플 조각과 체리로 장식한다.','블루 하와이',3014),
('보드카, 진, 데킬라, 레몬 껍질, 라이트 럼, 자몽, 사이다','얼음을 채운 하이볼 글라스에 보드카 1/2 oz를 넣어주세요. <> 데킬라, 진, 럼을 1/2 oz 넣어주세요. <> 사이다 1/32 oz를 넣어주고 자몽으로 장식하고 마무리해요.','숏 아일랜드 아이스 티',5014),
('영혼, 오렌지 주스, 얼음, 레몬, 블루 큐라소, 코코넛 리큐어, 보드카','오렌지 주스, 코코넛 리큐어, 얼음을 넣고 섞는다. <> 섞은 재료와 보드카를 쉐이커에 넣고 흔든다. <> 블루 큐라소를 살짝 얹어 마무리한다. <> 내 영혼까지 담으면 끝.','혼테일',5020),
('보드카, 라임','블루 큐라소와 보드카를 섞습니다. <> 라임과 얹습니다. <> 오늘 힘들었던 일들을 생각하며 한모금 홀짝.','오늘의한잔',6133),
('오렌지, 크렘 드 카시스','오렌지 쥬스를 가득 넣어주세요. <> 크렘 드 카시스를 1/3 넣어주세요.','오렌쥐쥐',7224),
('라즈베리 리큐어, 코코넛 럼, 민트, 체리','얼음, 코코넛 럼, 라즈베리 리큐어를 넣고 섞습니다. <> 섞은 음료를 잔에 붓습니다. <> 잔 위에 민트와 체리를 얹으면 완성!!','남방큰돌고래',17022);
/*!40000 ALTER TABLE `custom_cocktail` ENABLE KEYS */;
UNLOCK TABLES;

--
-- Table structure for table `custom_cocktail_to_cocktail`
--

DROP TABLE IF EXISTS `custom_cocktail_to_cocktail`;
/*!40101 SET @saved_cs_client     = @@character_set_client */;
/*!40101 SET character_set_client = utf8 */;
CREATE TABLE `custom_cocktail_to_cocktail` (
  `c_id` bigint(20) NOT NULL,
  `p_id` bigint(20) NOT NULL,
  PRIMARY KEY (`c_id`,`p_id`),
  UNIQUE KEY `UK_qnq9lsnm5bvwi0yrxldyq7a7j` (`p_id`),
  CONSTRAINT `FKca0qglb058nw9kvqfjgv0dgag` FOREIGN KEY (`c_id`) REFERENCES `cocktail` (`c_id`),
  CONSTRAINT `custom_cocktail` FOREIGN KEY (`p_id`) REFERENCES `custom_cocktail` (`p_id`) ON DELETE CASCADE,
  CONSTRAINT `custom_cocktail_to_post` FOREIGN KEY (`p_id`) REFERENCES `custom_cocktail` (`p_id`) ON DELETE CASCADE
) ENGINE=InnoDB DEFAULT CHARSET=utf8mb4 COLLATE=utf8mb4_unicode_ci;
/*!40101 SET character_set_client = @saved_cs_client */;

--
-- Dumping data for table `custom_cocktail_to_cocktail`
--

LOCK TABLES `custom_cocktail_to_cocktail` WRITE;
/*!40000 ALTER TABLE `custom_cocktail_to_cocktail` DISABLE KEYS */;
INSERT INTO `custom_cocktail_to_cocktail` VALUES
(11000,1059),
(17204,1039),
(17204,2010),
(17204,5014),
(178336,1056);
/*!40000 ALTER TABLE `custom_cocktail_to_cocktail` ENABLE KEYS */;
UNLOCK TABLES;

--
-- Table structure for table `follow`
--

DROP TABLE IF EXISTS `follow`;
/*!40101 SET @saved_cs_client     = @@character_set_client */;
/*!40101 SET character_set_client = utf8 */;
CREATE TABLE `follow` (
  `from_user_id` bigint(20) NOT NULL,
  `to_user_id` bigint(20) NOT NULL,
  PRIMARY KEY (`from_user_id`,`to_user_id`),
  KEY `follower_of_user` (`to_user_id`),
  CONSTRAINT `followee_of_user` FOREIGN KEY (`from_user_id`) REFERENCES `member` (`uid`) ON DELETE CASCADE,
  CONSTRAINT `follower_of_user` FOREIGN KEY (`to_user_id`) REFERENCES `member` (`uid`) ON DELETE CASCADE
) ENGINE=InnoDB DEFAULT CHARSET=utf8mb4 COLLATE=utf8mb4_unicode_ci;
/*!40101 SET character_set_client = @saved_cs_client */;

--
-- Dumping data for table `follow`
--

LOCK TABLES `follow` WRITE;
/*!40000 ALTER TABLE `follow` DISABLE KEYS */;
INSERT INTO `follow` VALUES
(1,1062),
(1,7211),
(2,1001),
(2,1002),
(2,1003),
(3,1003),
(1001,2),
(1001,1002),
(1001,1003),
(1001,1008),
(1001,5005),
(1002,2),
(1002,1001),
(1002,1003),
(1008,1),
(1008,3),
(1008,1001),
(1008,1002),
(1008,1003),
(1008,1045),
(1008,1062),
(1008,1065),
(1008,5005),
(1045,1001),
(1045,1003),
(1045,1008),
(1062,2),
(1062,1001),
(1062,1003),
(1062,7211),
(1065,1003),
(1065,7211),
(5005,1002),
(5005,1003),
(7211,2),
(7211,1001),
(7211,1003),
(7211,1008),
(7211,1062),
(7211,5005);
/*!40000 ALTER TABLE `follow` ENABLE KEYS */;
UNLOCK TABLES;

--
-- Table structure for table `material`
--

DROP TABLE IF EXISTS `material`;
/*!40101 SET @saved_cs_client     = @@character_set_client */;
/*!40101 SET character_set_client = utf8 */;
CREATE TABLE `material` (
  `m_id` bigint(20) NOT NULL,
  `m_abv` int(11) DEFAULT NULL,
  `m_category` varchar(255) COLLATE utf8mb4_unicode_ci DEFAULT NULL,
  `m_img` varchar(255) COLLATE utf8mb4_unicode_ci DEFAULT NULL,
  `m_name` varchar(255) COLLATE utf8mb4_unicode_ci DEFAULT NULL,
  `m_name_kr` varchar(255) COLLATE utf8mb4_unicode_ci DEFAULT NULL,
  `m_type` varchar(255) COLLATE utf8mb4_unicode_ci DEFAULT NULL,
  PRIMARY KEY (`m_id`)
) ENGINE=InnoDB DEFAULT CHARSET=utf8mb4 COLLATE=utf8mb4_unicode_ci;
/*!40101 SET character_set_client = @saved_cs_client */;

--
-- Dumping data for table `material`
--

LOCK TABLES `material` WRITE;
/*!40000 ALTER TABLE `material` DISABLE KEYS */;
INSERT INTO `material` VALUES
(1,40,'Vodka','https://www.thecocktaildb.com/images/ingredients/Vodka-Small.png','Vodka','보드카','Yes'),
(2,40,'Gin','https://www.thecocktaildb.com/images/ingredients/Gin-Small.png','Gin','진','Yes'),
(3,40,'Rum','https://www.thecocktaildb.com/images/ingredients/Rum-Small.png','Rum','럼','Yes'),
(4,40,'Spirit','https://www.thecocktaildb.com/images/ingredients/Tequila-Small.png','Tequila','데킬라','Yes'),
(5,40,'Whisky','https://www.thecocktaildb.com/images/ingredients/Scotch-Small.png','Scotch','스카치','Yes'),
(8,40,'Vodka','https://www.thecocktaildb.com/images/ingredients/Absolut%20Vodka-Small.png','Absolut Vodka','앱솔루트','Yes'),
(9,17,'Spirit','https://www.thecocktaildb.com/images/ingredients/Advocaat-Small.png','Advocaat','아드보카트','Yes'),
(12,0,'Syrup','https://www.thecocktaildb.com/images/ingredients/Agave%20Syrup-Small.png','Agave Syrup','아가베 시럽','No'),
(14,0,'','https://www.thecocktaildb.com/images/ingredients/Allspice-Small.png','Allspice','올스파이스','No'),
(16,0,'','https://www.thecocktaildb.com/images/ingredients/Almond%20Flavoring-Small.png','Almond Flavoring','아몬드 향료','No'),
(18,28,'Liqueur','https://www.thecocktaildb.com/images/ingredients/Amaretto-Small.png','Amaretto','아마레토','Yes'),
(20,0,'Bitter','https://www.thecocktaildb.com/images/ingredients/Angostura%20Bitters-Small.png','Angostura Bitters','앙고스투라 비터스','No'),
(21,0,'','https://www.thecocktaildb.com/images/ingredients/Anis-Small.png','Anis','아니스','No'),
(24,11,'Liqueur','https://www.thecocktaildb.com/images/ingredients/Aperol-Small.png','Aperol','아페롤','Yes'),
(26,35,'Brandy','https://www.thecocktaildb.com/images/ingredients/Apple%20Brandy-Small.png','Apple Brandy','애플 브랜디','Yes'),
(28,0,'','https://www.thecocktaildb.com/images/ingredients/Apple%20Juice-Small.png','Apple Juice','애플 주스','No'),
(29,18,'Liquor','https://www.thecocktaildb.com/images/ingredients/Apple%20Schnapps-Small.png','Apple Schnapps','애플 스냅스','Yes'),
(30,0,'','https://www.thecocktaildb.com/images/ingredients/Apple-Small.png','Apple','사과','No'),
(32,24,'Brandy','https://www.thecocktaildb.com/images/ingredients/Apricot%20Brandy-Small.png','Apricot Brandy','살구 브랜디','Yes'),
(43,13,'Liqueur','https://www.thecocktaildb.com/images/ingredients/Baileys%20Irish%20Cream-Small.png','Baileys Irish Cream','베일리스 아이리쉬 크림','Yes'),
(47,0,'','https://www.thecocktaildb.com/images/ingredients/Banana-Small.png','Banana','바나나','No'),
(49,0,'','https://www.thecocktaildb.com/images/ingredients/Basil-Small.png','Basil','바질','No'),
(52,4,'Beer','https://www.thecocktaildb.com/images/ingredients/Beer-Small.png','Beer','맥주','Yes'),
(53,0,'','https://www.thecocktaildb.com/images/ingredients/Benedictine-Small.png','Benedictine','베네딕틴','No'),
(56,0,'','https://www.thecocktaildb.com/images/ingredients/Bitters-Small.png','Bitters','비터스','No'),
(60,0,'','https://www.thecocktaildb.com/images/ingredients/Blackberries-Small.png','Blackberries','블랙베리','No'),
(66,40,'Whiskey','https://www.thecocktaildb.com/images/ingredients/Blended%20Whiskey-Small.png','Blended Whiskey','블렌디드 위스키','Yes'),
(67,30,'Liqueur','https://www.thecocktaildb.com/images/ingredients/Blue%20Curacao-Small.png','Blue Curacao','블루 큐라소','Yes'),
(69,0,'','https://www.thecocktaildb.com/images/ingredients/Blueberries-Small.png','Blueberries','블루베리','No'),
(71,40,'Whiskey','https://www.thecocktaildb.com/images/ingredients/Bourbon-Small.png','Bourbon','부르봉','Yes'),
(74,45,'Spirit','https://www.thecocktaildb.com/images/ingredients/Brandy-Small.png','Brandy','브랜디','Yes'),
(77,0,'','https://www.thecocktaildb.com/images/ingredients/Brown%20Sugar-Small.png','Brown Sugar','브라운 슈가','No'),
(81,40,'Spirit','https://www.thecocktaildb.com/images/ingredients/Cachaca-Small.png','Cachaca','카샤샤','Yes'),
(83,25,'Liquer','https://www.thecocktaildb.com/images/ingredients/Campari-Small.png','Campari','캄파리','Yes'),
(88,0,'Soft Drink','https://www.thecocktaildb.com/images/ingredients/Carbonated%20Soft%20Drink-Small.png','Carbonated Soft Drink','탄산 청량음료','No'),
(89,0,'Water','https://www.thecocktaildb.com/images/ingredients/Carbonated%20Water-Small.png','Carbonated Water','탄산수','No'),
(94,0,'','https://www.thecocktaildb.com/images/ingredients/Celery%20Salt-Small.png','Celery Salt','셀러리 소금','No'),
(97,13,'Wine','https://www.thecocktaildb.com/images/ingredients/Champagne-Small.png','Champagne','샴페인','Yes'),
(100,25,'Liquer','https://www.thecocktaildb.com/images/ingredients/Cherry%20Brandy-Small.png','Cherry Brandy','체리 브랜디','Yes'),
(104,0,'','https://www.thecocktaildb.com/images/ingredients/Cherry%20Juice-Small.png','Cherry Juice','체리 주스','No'),
(106,0,'','https://www.thecocktaildb.com/images/ingredients/Cherry-Small.png','Cherry','체리','No'),
(115,0,'Syrup','https://www.thecocktaildb.com/images/ingredients/Chocolate%20Syrup-Small.png','Chocolate Syrup','초콜릿 시럽','No'),
(122,0,'','https://www.thecocktaildb.com/images/ingredients/Cinnamon-Small.png','Cinnamon','계피','No'),
(126,0,'','https://www.thecocktaildb.com/images/ingredients/Cloves-Small.png','Cloves','정향','No'),
(127,0,'','https://www.thecocktaildb.com/images/ingredients/Club%20Soda-Small.png','Club Soda','클럽 소다','No'),
(128,0,'Soft Drink','https://www.thecocktaildb.com/images/ingredients/Coca-Cola-Small.png','Coca-Cola','코카콜라','No'),
(133,20,'Liqueur','https://www.thecocktaildb.com/images/ingredients/Coconut%20Liqueur-Small.png','Coconut Liqueur','코코넛 리큐어','Yes'),
(134,0,'Milk','https://www.thecocktaildb.com/images/ingredients/Coconut%20Milk-Small.png','Coconut Milk','코코넛 밀크','No'),
(135,20,'Rum','https://www.thecocktaildb.com/images/ingredients/Coconut%20Rum-Small.png','Coconut Rum','코코넛 럼','Yes'),
(138,20,'Liqueur','https://www.thecocktaildb.com/images/ingredients/Coffee%20Liqueur-Small.png','Coffee Liqueur','커피 리큐어','Yes'),
(139,0,'Coffee','https://www.thecocktaildb.com/images/ingredients/Coffee-Small.png','Coffee','커피','No'),
(141,40,'Brandy','https://www.thecocktaildb.com/images/ingredients/Cognac-Small.png','Cognac','코냑','Yes'),
(142,40,'Liqueur','https://www.thecocktaildb.com/images/ingredients/Cointreau-Small.png','Cointreau','쿠앵트로','Yes'),
(155,0,'Juice','https://www.thecocktaildb.com/images/ingredients/Cranberry%20Juice-Small.png','Cranberry Juice','크랜베리 주스','No'),
(161,0,'Cream','https://www.thecocktaildb.com/images/ingredients/Cream-Small.png','Cream','크림','No'),
(163,21,'Liquer','https://www.thecocktaildb.com/images/ingredients/Creme%20De%20Banane-Small.png','Creme De Banane','크렘 드 바나나','Yes'),
(164,24,'Liquer','https://www.thecocktaildb.com/images/ingredients/Creme%20De%20Cacao-Small.png','Creme De Cacao','크림 드 카카오','Yes'),
(165,15,'Liqueur','https://www.thecocktaildb.com/images/ingredients/Creme%20De%20Cassis-Small.png','Creme De Cassis','크렘 드 카시스','Yes'),
(171,0,'','https://www.thecocktaildb.com/images/ingredients/Cucumber-Small.png','Cucumber','오이','No'),
(176,0,'Mix','https://www.thecocktaildb.com/images/ingredients/Daiquiri%20Mix-Small.png','Daiquiri Mix','다이키리 믹스','No'),
(179,40,'Rum','https://www.thecocktaildb.com/images/ingredients/Dark%20Rum-Small.png','Dark Rum','다크럼','Yes'),
(187,40,'Liqueur','https://www.thecocktaildb.com/images/ingredients/Drambuie-Small.png','Drambuie','드람부이','Yes'),
(189,18,'Fortified Wine','https://www.thecocktaildb.com/images/ingredients/Dry%20Vermouth-Small.png','Dry Vermouth','드라이 베르무트','Yes'),
(192,0,'','https://www.thecocktaildb.com/images/ingredients/Egg%20White-Small.png','Egg White','에그 화이트','No'),
(193,0,'','https://www.thecocktaildb.com/images/ingredients/Egg%20Yolk-Small.png','Egg Yolk','계란 노른자','No'),
(200,0,'','https://www.thecocktaildb.com/images/ingredients/Espresso-Small.png','Espresso','에스프레소','No'),
(217,0,'Juice','https://www.thecocktaildb.com/images/ingredients/Fresh%20Lemon%20Juice-Small.png','Fresh Lemon Juice','신선한 레몬 주스','No'),
(220,0,'Juice','https://www.thecocktaildb.com/images/ingredients/Fruit%20Juice-Small.png','Fruit Juice','과일 주스','No'),
(222,0,'Fruit','https://www.thecocktaildb.com/images/ingredients/Fruit-Small.png','Fruit','과일','No'),
(223,36,'Liqueur','https://www.thecocktaildb.com/images/ingredients/Galliano-Small.png','Galliano','갈리아노','Yes'),
(228,0,'Soft Drink','https://www.thecocktaildb.com/images/ingredients/Ginger%20Ale-Small.png','Ginger Ale','진저 에일','No'),
(229,0,'Soft Drink','https://www.thecocktaildb.com/images/ingredients/Ginger%20Beer-Small.png','Ginger Beer','진저 맥주','No'),
(230,0,'Fruit','https://www.thecocktaildb.com/images/ingredients/Ginger-Small.png','Ginger','진저','No'),
(238,40,'Liqueur','https://www.thecocktaildb.com/images/ingredients/Grand%20Marnier-Small.png','Grand Marnier','그랜드 마니에','Yes'),
(240,0,'Juice','https://www.thecocktaildb.com/images/ingredients/Grape%20juice-Small.png','Grape juice','포도즙','No'),
(242,0,'Juice','https://www.thecocktaildb.com/images/ingredients/Grapefruit%20Juice-Small.png','Grapefruit Juice','포도 주스','No'),
(246,21,'Liqueur','https://www.thecocktaildb.com/images/ingredients/Green%20Creme%20de%20Menthe-Small.png','Green Creme de Menthe','그린 크림 드 멘테','Yes'),
(250,0,'Syrup','https://www.thecocktaildb.com/images/ingredients/Grenadine-Small.png','Grenadine','그레나딘','No'),
(253,0,'Juice','https://www.thecocktaildb.com/images/ingredients/Guava%20juice-Small.png','Guava juice','구아바 주스','No'),
(260,0,'','https://www.thecocktaildb.com/images/ingredients/Honey-Small.png','Honey','꿀','No'),
(266,0,'Sauce','https://www.thecocktaildb.com/images/ingredients/Hot%20Sauce-Small.png','Hot Sauce','핫 소스','No'),
(270,0,'','https://www.thecocktaildb.com/images/ingredients/Ice-Small.png','Ice','얼음','No'),
(272,18,'Liqueur','https://www.thecocktaildb.com/images/ingredients/Irish%20cream-Small.png','Irish cream','아이리쉬 크림','Yes'),
(273,67,'Whiskey','https://www.thecocktaildb.com/images/ingredients/Irish%20Whiskey-Small.png','Irish Whiskey','아이리시 위스키','Yes'),
(282,20,'Liqueur','https://www.thecocktaildb.com/images/ingredients/Kahlua-Small.png','Kahlua','깔루아','Yes'),
(286,0,'','https://www.thecocktaildb.com/images/ingredients/Kiwi-Small.png','Kiwi','키위','No'),
(293,0,'Juice','https://www.thecocktaildb.com/images/ingredients/Lemon%20Juice-Small.png','Lemon Juice','레몬 즙','No'),
(294,0,'','https://www.thecocktaildb.com/images/ingredients/Lemon%20Peel-Small.png','Lemon Peel','레몬 껍질','No'),
(296,35,'Vodka','https://www.thecocktaildb.com/images/ingredients/Lemon%20vodka-Small.png','Lemon vodka','레몬 보드카','Yes'),
(297,0,'Soda','https://www.thecocktaildb.com/images/ingredients/Lemon-lime%20soda-Small.png','Lemon-lime soda','레몬 라임 소다','No'),
(299,0,'Fruit','https://www.thecocktaildb.com/images/ingredients/lemon-Small.png','lemon','레몬','No'),
(300,0,'Soft Drink','https://www.thecocktaildb.com/images/ingredients/Lemonade-Small.png','Lemonade','레몬에이드','No'),
(304,0,'Cream','https://www.thecocktaildb.com/images/ingredients/Light%20Cream-Small.png','Light Cream','라이트 크림','No'),
(305,40,'Rum','https://www.thecocktaildb.com/images/ingredients/Light%20Rum-Small.png','Light Rum','라이트 럼','Yes'),
(308,0,'Juice','https://www.thecocktaildb.com/images/ingredients/Lime%20Juice-Small.png','Lime Juice','라임 즙','No'),
(312,0,'Fruit','https://www.thecocktaildb.com/images/ingredients/Lime-Small.png','Lime','라임','No'),
(319,0,'','https://www.thecocktaildb.com/images/ingredients/Mango-Small.png','Mango','망고','No'),
(322,0,'','https://www.thecocktaildb.com/images/ingredients/Maraschino%20Cherry-Small.png','Maraschino Cherry','마라스키노 체리','No'),
(323,32,'Liqueur','https://www.thecocktaildb.com/images/ingredients/Maraschino%20Liqueur-Small.png','Maraschino Liqueur','마라스키노 리큐르','Yes'),
(333,0,'Milk','https://www.thecocktaildb.com/images/ingredients/Milk-Small.png','Milk','우유','No'),
(337,0,'Flower','https://www.thecocktaildb.com/images/ingredients/Mint-Small.png','Mint','민트','No'),
(344,0,'','https://www.thecocktaildb.com/images/ingredients/Nutmeg-Small.png','Nutmeg','육두구','No'),
(347,0,'','https://www.thecocktaildb.com/images/ingredients/Olive-Small.png','Olive','올리브','No'),
(350,0,'Bitters','https://www.thecocktaildb.com/images/ingredients/Orange%20Bitters-Small.png','Orange Bitters','오렌지 비터스','No'),
(352,0,'Juice','https://www.thecocktaildb.com/images/ingredients/Orange%20Juice-Small.png','Orange Juice','오렌지 주스','No'),
(354,0,'Fruit','https://www.thecocktaildb.com/images/ingredients/Orange%20Peel-Small.png','Orange Peel','오렌지 껍질','No'),
(357,0,'Fruit','https://www.thecocktaildb.com/images/ingredients/Orange%20spiral-Small.png','Orange spiral','오렌지나선','No'),
(359,0,'Fruit','https://www.thecocktaildb.com/images/ingredients/Orange-Small.png','Orange','오렌지','No'),
(362,0,'Syrup','https://www.thecocktaildb.com/images/ingredients/Orgeat%20Syrup-Small.png','Orgeat Syrup','오르간 시럽','No'),
(372,0,'','https://www.thecocktaildb.com/images/ingredients/Passion%20fruit%20juice-Small.png','Passion fruit juice','패션 과일 주스','No'),
(373,0,'Syrup','https://www.thecocktaildb.com/images/ingredients/Passion%20fruit%20syrup-Small.png','Passion fruit syrup','패션 과일 시럽','No'),
(374,17,'Liqueur','https://www.thecocktaildb.com/images/ingredients/Passoa-Small.png','Passoa','파소아','Yes'),
(378,0,'Juice','https://www.thecocktaildb.com/images/ingredients/Peach%20Nectar-Small.png','Peach Nectar','복숭아 과즙','No'),
(379,20,'Liquor','https://www.thecocktaildb.com/images/ingredients/Peach%20Schnapps-Small.png','Peach Schnapps','피치스냅스','Yes'),
(386,0,'','https://www.thecocktaildb.com/images/ingredients/Pepper-Small.png','Pepper','후추','No'),
(391,0,'Bitters','https://www.thecocktaildb.com/images/ingredients/Peychaud%20bitters-Small.png','Peychaud bitters','페이샤우드비터즈','No'),
(392,0,'Mix','https://www.thecocktaildb.com/images/ingredients/Pina%20colada%20mix-Small.png','Pina colada mix','피나콜라다 믹스','No'),
(393,0,'Juice','https://www.thecocktaildb.com/images/ingredients/Pineapple%20Juice-Small.png','Pineapple Juice','파인애플 주스','No'),
(397,0,'Fruit','https://www.thecocktaildb.com/images/ingredients/Pineapple-Small.png','Pineapple','파인애플','No'),
(400,40,'Brandy','https://www.thecocktaildb.com/images/ingredients/Pisco-Small.png','Pisco','피스코','Yes'),
(406,20,'Fortified wine','https://www.thecocktaildb.com/images/ingredients/Port-Small.png','Port','포트','Yes'),
(409,0,'','https://www.thecocktaildb.com/images/ingredients/Powdered%20Sugar-Small.png','Powdered Sugar','고운 설탕','No'),
(412,0,'','https://www.thecocktaildb.com/images/ingredients/Raisins-Small.png','Raisins','건포도','No'),
(416,15,'Liqueur','https://www.thecocktaildb.com/images/ingredients/Raspberry%20Liqueur-Small.png','Raspberry Liqueur','라즈베리 리큐어','Yes'),
(419,37,'Vodka','https://www.thecocktaildb.com/images/ingredients/Raspberry%20Vodka-Small.png','Raspberry Vodka','라즈베리 보드카','Yes'),
(422,0,'','https://www.thecocktaildb.com/images/ingredients/Red%20Chili%20Flakes-Small.png','Red Chili Flakes','레드 칠리 플레이크','No'),
(425,14,'Wine','https://www.thecocktaildb.com/images/ingredients/Red%20Wine-Small.png','Red Wine','레드와인','Yes'),
(427,45,'Aperitif','https://www.thecocktaildb.com/images/ingredients/Ricard-Small.png','Ricard','리카드','Yes'),
(436,43,'Whiskey','https://www.thecocktaildb.com/images/ingredients/Rye%20Whiskey-Small.png','Rye Whiskey','호밀 위스키','Yes'),
(439,0,'Mineral','https://www.thecocktaildb.com/images/ingredients/Salt-Small.png','Salt','소금','No'),
(440,38,'Liqueur','https://www.thecocktaildb.com/images/ingredients/Sambuca-Small.png','Sambuca','삼부카','Yes'),
(448,0,'Sweet','https://www.thecocktaildb.com/images/ingredients/Sherbet-Small.png','Sherbet','셔벗','No'),
(453,25,'Liqueur','https://www.thecocktaildb.com/images/ingredients/Sloe%20Gin-Small.png','Sloe Gin','슬로 진','Yes'),
(455,0,'Water','https://www.thecocktaildb.com/images/ingredients/Soda%20Water-Small.png','Soda Water','소다수','No'),
(458,21,'Liqueur','https://www.thecocktaildb.com/images/ingredients/Southern%20Comfort-Small.png','Southern Comfort','서던 컴포트','Yes'),
(460,0,'','https://www.thecocktaildb.com/images/ingredients/Soy%20Sauce-Small.png','Soy Sauce','간장','No'),
(470,0,'Fruit','https://www.thecocktaildb.com/images/ingredients/Strawberries-Small.png','Strawberries','딸기','No'),
(475,0,'Syrup','https://www.thecocktaildb.com/images/ingredients/Sugar%20Syrup-Small.png','Sugar Syrup','시럽','No'),
(476,0,'','https://www.thecocktaildb.com/images/ingredients/Sugar-Small.png','Sugar','설탕','No'),
(480,0,'Soft Drink','https://www.thecocktaildb.com/images/ingredients/Sweet%20and%20Sour-Small.png','Sweet and Sour','새콤달콤한 맛','No'),
(482,15,'Fortified Wine','https://www.thecocktaildb.com/images/ingredients/Sweet%20Vermouth-Small.png','Sweet Vermouth','스위트 베르무트','Yes'),
(483,0,'Sauce','https://www.thecocktaildb.com/images/ingredients/Tabasco%20Sauce-Small.png','Tabasco Sauce','타바스코 소스','No'),
(492,0,'Soft Drink','https://www.thecocktaildb.com/images/ingredients/Tomato%20Juice-Small.png','Tomato Juice','토마토 주스','No'),
(497,0,'Soft Drink','https://www.thecocktaildb.com/images/ingredients/Tonic%20Water-Small.png','Tonic Water','토닉 워터','No'),
(498,30,'Liqueur','https://www.thecocktaildb.com/images/ingredients/Triple%20Sec-Small.png','Triple Sec','트리플 섹','Yes'),
(506,0,'Syrup','https://www.thecocktaildb.com/images/ingredients/Vanilla%20syrup-Small.png','Vanilla syrup','바닐라 시럽','No'),
(513,0,'Water','https://www.thecocktaildb.com/images/ingredients/Water-Small.png','Water','물','No'),
(515,0,'Cream','https://www.thecocktaildb.com/images/ingredients/Whipped%20Cream-Small.png','Whipped Cream','거품 크림','No'),
(520,25,'Liquer','https://www.thecocktaildb.com/images/ingredients/White%20Creme%20de%20Menthe-Small.png','White Creme de Menthe','화이트 크림 드 멘테','Yes'),
(523,45,'Rum','https://www.thecocktaildb.com/images/ingredients/White%20Rum-Small.png','White Rum','화이트 럼','Yes'),
(525,12,'Wine','https://www.thecocktaildb.com/images/ingredients/White%20Wine-Small.png','White Wine','화이트 와인','Yes'),
(529,0,'Sauce','https://www.thecocktaildb.com/images/ingredients/Worcestershire%20Sauce-Small.png','Worcestershire Sauce','우스터 소스','No'),
(532,50,'Liqueur','https://www.thecocktaildb.com/images/ingredients/Yellow%20Chartreuse-Small.png','Yellow Chartreuse','옐로우 샤아트루즈','Yes'),
(533,0,'Cream','https://www.thecocktaildb.com/images/ingredients/Yoghurt-Small.png','Yoghurt','요거트','No'),
(539,17,'aperitif','https://www.thecocktaildb.com/images/ingredients/Lillet%20Blanc-Small.png','Lillet Blanc','릴레트 블랑','Yes'),
(540,39,'Bitter','https://www.thecocktaildb.com/images/ingredients/Peach%20Bitters-Small.png','Peach Bitters','피치 비터스','Yes'),
(542,12,'Wine','https://www.thecocktaildb.com/images/ingredients/Prosecco-Small.png','Prosecco','프로스코','Yes'),
(549,0,'Garnish','https://www.thecocktaildb.com/images/ingredients/Rosemary-Small.png','Rosemary','로즈메리','No'),
(552,0,'Cordial','https://www.thecocktaildb.com/images/ingredients/Elderflower%20cordial-Small.png','Elderflower cordial','엘더플라워 코디얼','No'),
(571,75,'Rum','https://www.thecocktaildb.com/images/ingredients/151%20proof%20rum-Small.png','151 proof rum','151 프루프 럼','Yes'),
(572,0,'Soft Drink','https://www.thecocktaildb.com/images/ingredients/7-up-Small.png','7-up','칠업','No'),
(573,50,'Spirit','https://www.thecocktaildb.com/images/ingredients/Absinthe-Small.png','Absinthe','압생트','Yes'),
(574,40,'Vodka','https://www.thecocktaildb.com/images/ingredients/Absolut%20citron-Small.png','Absolut citron','절대 유자','Yes'),
(575,16,'Liquor','https://www.thecocktaildb.com/images/ingredients/Creme%20de%20Mure-Small.png','Creme de Mure','크림 드 무레','Yes'),
(576,0,'Mixer','https://www.thecocktaildb.com/images/ingredients/Olive%20Brine-Small.png','Olive Brine','올리브 브라인','No'),
(580,40,'','https://www.thecocktaildb.com/images/ingredients/Whiskey-Small.png','Whiskey','위스키','Yes'),
(588,0,'','https://www.thecocktaildb.com/images/ingredients/Rosemary%20Syrup-Small.png','Rosemary Syrup','로즈마리 시럽','No'),
(589,0,'','https://www.thecocktaildb.com/images/ingredients/Figs-Small.png','Figs','무화과','No'),
(590,0,'','https://www.thecocktaildb.com/images/ingredients/Thyme-Small.png','Thyme','백리향','No'),
(592,0,'','https://www.thecocktaildb.com/images/ingredients/Blood%20Orange-Small.png','Blood Orange','블러드 오렌지','No'),
(593,23,'','https://www.thecocktaildb.com/images/ingredients/Amaro%20Montenegro-Small.png','Amaro Montenegro','아마로 몬테네그로','Yes'),
(594,20,'','https://www.thecocktaildb.com/images/ingredients/Ruby%20Port-Small.png','Ruby Port','루비 포트','Yes'),
(595,12,'','https://www.thecocktaildb.com/images/ingredients/Rose-Small.png','Rose','로즈','Yes'),
(597,35,'Liquor','https://www.thecocktaildb.com/images/ingredients/Fernet-Branca-Small.png','Fernet-Branca','파르네 브랑카','Yes');
/*!40000 ALTER TABLE `material` ENABLE KEYS */;
UNLOCK TABLES;

--
-- Table structure for table `member`
--

DROP TABLE IF EXISTS `member`;
/*!40101 SET @saved_cs_client     = @@character_set_client */;
/*!40101 SET character_set_client = utf8 */;
CREATE TABLE `member` (
  `uid` bigint(20) NOT NULL,
  `sso_id` varchar(255) COLLATE utf8mb4_unicode_ci DEFAULT NULL,
  `birthday` varchar(255) COLLATE utf8mb4_unicode_ci DEFAULT NULL,
  `creation_date` datetime(6) DEFAULT NULL,
  `email` varchar(255) COLLATE utf8mb4_unicode_ci DEFAULT NULL,
  `introduce` varchar(25) COLLATE utf8mb4_unicode_ci DEFAULT NULL,
  `is_private` int(11) DEFAULT NULL,
  `name` varchar(255) COLLATE utf8mb4_unicode_ci DEFAULT NULL,
  `nickname` varchar(255) COLLATE utf8mb4_unicode_ci DEFAULT NULL,
  `password` varchar(255) COLLATE utf8mb4_unicode_ci DEFAULT NULL,
  `profile_img` varchar(255) COLLATE utf8mb4_unicode_ci DEFAULT NULL,
  `roles` varchar(255) COLLATE utf8mb4_unicode_ci DEFAULT NULL,
  PRIMARY KEY (`uid`)
) ENGINE=InnoDB DEFAULT CHARSET=utf8mb4 COLLATE=utf8mb4_unicode_ci;
/*!40101 SET character_set_client = @saved_cs_client */;

--
-- Dumping data for table `member`
--

LOCK TABLES `member` WRITE;
/*!40000 ALTER TABLE `member` DISABLE KEYS */;
INSERT INTO `member` VALUES
(1,NULL,'1996-02-09','2022-08-17 10:25:54.333000','dss02094@gmail.com',NULL,0,'김낙현','김낙현','$2a$10$l2IpEdEhTtn/EtKMWfbzZ.v8iTQIKLA4wd7BNrf.CfYg0VrN1SZse','profile/default/1.png','ROLE_USER'),
(2,NULL,'1997-05-24','2022-08-17 10:26:01.173000','shko0524@naver.com','ㅎㅎ',0,'고승효','봄날의햇살최수연','$2a$10$wewg7InGse2Kk.Qe.g9rg.BTLJVNdjJhGvchfhJ4Os3X6ZsprRnKe','profile%2F2%2F5272947533462_202207231924774939_62dbcce69ffaa.jpeg.jpg','ROLE_USER'),
(3,NULL,NULL,NULL,'test1@test.com','맘마?',0,'seona','레몬맘마','$2a$10$iGOvjZyFh5wW7Wl20PsOWeqEVT.TjoIqkhvrcuj9uxz7e36nmWPKq','profile%2F3%2F6986380630233_channels4_profile.jpg','ROLE_USER'),
(1001,NULL,'1997-11-26','2022-08-17 10:42:58.058000','tmdgns1126@naver.com','차마 렙몬스터가 되지 못한',0,'박승훈','레몬스터','$2a$10$WXaoGTTx9MqgK7WwfV91iOp2NcXFY6Lc8RuJ2Lw2ng6fORkMlb.M.','profile%2F1001%2F5096123392960_image_readtop_2017_753292_15106187293099035.jpg','ROLE_USER'),
(1002,NULL,'1999-02-02','2022-08-17 10:43:14.927000','worudp12@gmail.com','똑바로읽어도우영우거꾸로읽어도우영우',0,'우영우','법무법인한바다변호사영우','$2a$10$d0VZMfZeF6Ql783NZf1nHOjC8EkC1UICKkKAYFK0k38VwXAcslXWe','profile%2F1002%2F5187008268592_999FB3405AE6ECA307.png','ROLE_USER'),
(1003,NULL,'1998-04-22','2022-08-17 10:43:53.581000','seona980422@gmail.com','보드카를 좋아하는 자',0,'송선아','짤리','$2a$10$iGOvjZyFh5wW7Wl20PsOWeqEVT.TjoIqkhvrcuj9uxz7e36nmWPKq','profile%2F1003%2F4991289991939_KakaoTalk_20220817_104547447.jpg','ROLE_USER'),
(1008,NULL,'1997-12-26','2022-08-17 10:45:52.858000','jsznawa@naver.com','준이에요',0,'전승준','준이','$2a$10$u267hkedZciORYp.BkENdO8pcOYKGxC5fWrCiubm5Y4RyaVmmya/G','profile%2F1008%2F5427446344300_jerry.gif','ROLE_USER'),
(1045,NULL,'1999-09-09','2022-08-17 10:54:32.524000','jsznawa@gmail.com','습니까?',0,'이름','칵테일을가루로드셔보시겠','$2a$10$TwmKWnfnb0PuBkb0/eEum.8.PfgTPxR5p9tA2nOWz71s65lWkmGky','profile%2F1045%2F5529969185531_5a9ed1b92fa80f68c072fd8751580dbe.jpg','ROLE_USER'),
(1062,NULL,'1996-02-09','2022-08-17 11:02:31.867000','dss0209@naver.com','최강존잘오징어',0,'김낙현','존자르징어','$2a$10$qOniZM31DBV/67/6fBVni.CJ.7lKWPWC10KnrnX5c6YSiXW6vbm4u','profile%2F1062%2F6935573664629_AE6CE7F4-30BB-42A7-ACD5-5664D235A461.jpeg','ROLE_USER'),
(1065,NULL,'1997-11-26','2022-08-17 11:03:46.493000','tmdgns971126@gmail.com','링딩동',0,'박승훈','도시라솔파미레몬','$2a$10$shR5IzYkMjiHDeHzp/iS2uls523r8BfwppzetsHt6FZSAp6cC90Ba','profile%2F1065%2F6448185656098_p1065585887550764_689_thum.jpg','ROLE_USER'),
(5005,NULL,'1988-02-02','2022-08-17 14:31:51.971000','chicken_93@naver.com','혼자서도..즐기는 나만의 칵테일..',0,'허성태','혼테일','$2a$10$NxbRLVObZpsbeElJa.G/geYGSeAZmJi229Yel4cFXOIbucBLc2hby','profile%2F5005%2F19477303440406_cocktail_ice_tea.jpg','ROLE_USER'),
(7211,NULL,'1998-04-22','2022-08-17 23:51:44.501000','seona0667@naver.com','',0,'썬구리','소개팅녀','$2a$10$PTcRdZRTCdtYmBUztnPpn.gxoyP3Z7BDZFIfAYkVa3ArpO7SgDuqa','profile%2F7211%2F52298851448051_basic_profile_Image.jpeg','ROLE_USER'),
(15001,NULL,'1996-02-09','2022-08-18 14:53:02.272000','dss0209@hanmail.net','와우!! 친구들 빡텐더 아저씨야!!',1,'바사장','빡텐더아저씨','$2a$10$s/D9Je087vDx.dSuu7H6HuTUyQCB5CghTywro4pl574brjBrOuu6C','profile%2F15001%2F1962784656359_%EC%9B%90%ED%8E%80%EB%A7%A8.jpg','ROLE_USER'),
(16108,NULL,'1997-05-24','2022-08-18 16:10:39.291000','kohelen2016@naver.com','일상의 소소한 즐거움, 칵테일',0,'김싸피','유즐리콕','$2a$10$NCp0.Z8mLLq8wdLrfQxuUegnRAzL2a5ch8M735puAq/BRQWBb3/JW','profile%2F16108%2F21721892400041_20220813_203840.jpg','ROLE_USER');
/*!40000 ALTER TABLE `member` ENABLE KEYS */;
UNLOCK TABLES;

--
-- Table structure for table `post`
--

DROP TABLE IF EXISTS `post`;
/*!40101 SET @saved_cs_client     = @@character_set_client */;
/*!40101 SET character_set_client = utf8 */;
CREATE TABLE `post` (
  `p_dtype` varchar(31) COLLATE utf8mb4_unicode_ci NOT NULL,
  `p_id` bigint(20) NOT NULL,
  `p_create_time` datetime(6) DEFAULT NULL,
  `p_description` varchar(500) COLLATE utf8mb4_unicode_ci DEFAULT NULL,
  `p_img` varchar(255) COLLATE utf8mb4_unicode_ci DEFAULT NULL,
  `p_last_update_time` datetime(6) DEFAULT NULL,
  `p_writer` bigint(20) DEFAULT NULL,
  PRIMARY KEY (`p_id`),
  KEY `post_of_user` (`p_writer`),
  CONSTRAINT `post_of_user` FOREIGN KEY (`p_writer`) REFERENCES `member` (`uid`) ON DELETE CASCADE
) ENGINE=InnoDB DEFAULT CHARSET=utf8mb4 COLLATE=utf8mb4_unicode_ci;
/*!40101 SET character_set_client = @saved_cs_client */;

--
-- Dumping data for table `post`
--

LOCK TABLES `post` WRITE;
/*!40000 ALTER TABLE `post` DISABLE KEYS */;
INSERT INTO `post` VALUES
('cocktail',1039,'2022-08-17 10:53:32.216717','도수가 낮은 칵테일을 마시고 싶은 분들께 추천드립니다.  술을 적게 타고 주스를 많이 넣어주세요.','post%2F1003%2F5403393841210_main.jpg','2022-08-17 10:53:32.216717',1003),
('cocktail',1056,'2022-08-17 10:58:00.837048','','post%2F1003%2F5671996848619_IMG_2239-338x473.jpg','2022-08-17 10:58:00.837048',1003),
('Post',1057,'2022-08-17 11:00:12.729575','대전 유성에 있는 펍에 갔다왔습니다. \r\n여기는 다양한 와인이 있더라구요. 장식되어있는 모습이 너무나 아름다워서 사진 찰칵! 하였습니다.','post%2F1003%2F5803730842792_KakaoTalk_20220817_104547447.jpg','2022-08-17 11:00:12.729575',1003),
('cocktail',1059,'2022-08-17 11:01:14.859480','this is K-cocktail','post%2F1008%2F5866015781833_mojito-g4ac95fd93_1920.jpg','2022-08-17 11:01:14.859480',1008),
('Post',1066,'2022-08-17 11:03:50.796503','맥주랑 먹으니 정말 맛있었습니다.','post%2F1003%2F6021820623683_%ED%94%BC%EC%9E%90.jpg','2022-08-17 11:03:50.796503',1003),
('Post',1071,'2022-08-17 11:05:33.650707','곱창은 무조건 소주지!\r\n여기는.. 칵테일 sns지만 개인 게시글에는 어떤 걸 올려도 상관없지!\r\n하지만... 왜 음식만 올리게 되는 것일까.. 나.. 돼지일 수도..?','post%2F1003%2F6124607123533_%EA%B3%B1%EC%B0%BD.jpg','2022-08-17 11:05:33.650707',1003),
('Post',1072,'2022-08-17 11:06:42.959017','친구들과 오랜만에 대전 노은역에서 맥주펍에 갔다왔다. 맥주 에일.. 최고!!','post%2F1003%2F6194035882813_%EB%A7%A5%EC%A3%BC.jpg','2022-08-17 11:06:42.959017',1003),
('Post',1075,'2022-08-17 11:08:31.477255','여기 마장동김씨 봉명점 고기집인데 다들 꼭 가보세요.\r\n고기도 다 구워주고, 질도 굉장히 좋습니다!','post%2F1003%2F6302556074243_%EA%B3%A0%EA%B8%B0.jpg','2022-08-17 11:08:31.477255',1003),
('Post',1080,'2022-08-17 11:09:54.515615','잭콕..\r\n잭 허니 레모네이드... \r\n정말 이렇게 맛 있을 수가..!','post%2F1003%2F6385555100277_%EC%88%A01.jpg','2022-08-17 11:09:54.515615',1003),
('cocktail_awards',1084,'2022-08-17 11:12:40.763669','블루베리가 진리!! 파워에이드 같다!!','post%2F1003%2F6551767861658_%EC%B9%B5%ED%85%942.jpg','2022-08-17 11:12:40.763669',1003),
('Post',1088,'2022-08-17 11:14:12.860555','L.O.V.E','post%2F1008%2F6643958713794_caffeine-g1d89368a2_1920.jpg','2022-08-17 11:14:12.860555',1008),
('Post',1105,'2022-08-17 11:22:28.301237','피맥.황리단길.TapThere','post%2F1062%2F7139371644812_EFFCA2F1-A2A6-4764-A8E5-D7B8E455462D.jpeg','2022-08-17 11:22:28.301237',1062),
('cocktail_awards',1106,'2022-08-17 11:22:37.646944','','post%2F3%2F7148820663840_360x360.jpg','2022-08-17 11:22:37.646944',3),
('Post',1107,'2022-08-17 11:26:08.607269','닭발+소주=😇','post%2F1062%2F7359402550899_63A6A6A1-2D01-4C91-BCD9-629915962433.jpeg','2022-08-17 11:26:08.607269',1062),
('cocktail',1120,'2022-08-17 12:43:34.696687','바카디가 들어가지만 달콤한 칵테일이에요. 집에서 자주 해먹었던 칵테일인데 많이들 드셔보시라고 올려봅니다!!\r\n\r\n맛있게 드세요:)','post%2F1001%2F12005865486935_cocktail19.jpg','2022-08-17 12:44:06.693042',1001),
('cocktail',2010,'2022-08-17 13:02:36.579961','도수를 좀 더 낮추고 덜 취하고 싶을 때 마시면 좋습니다','post%2F2%2F13144110430001_img-1.jpg','2022-08-17 13:02:36.579961',2),
('cocktail_awards',3007,'2022-08-17 13:08:16.383298','노을을 닮은 칵테일으로 석류와 오렌지의 조화가 무척이나 좋다','post%2F2%2F13486746721113_2021012009553735085_1611104137.jpg','2022-08-17 13:08:16.383298',2),
('cocktail',3014,'2022-08-17 13:28:50.372254','음료수로도 판매하는 블루 하와이\r\n하와이 바닷 바람의 맛이 납니다\r\n입이 즐겁습니다. 아주 달달해요\r\n짭쪼름해~~','post%2F1008%2F14721286624600_blue-hawaii-g6efcf70c3_1920.jpg','2022-08-17 13:30:28.289799',1008),
('Post',3024,'2022-08-17 13:35:08.785962','말리부','post%2F1045%2F30904876327586_KakaoTalk_20220817_175810730.jpg','2022-08-17 17:58:33.774269',1045),
('cocktail',5014,'2022-08-17 14:45:54.768239','레몬의 맛을 싫어하는 당신, 콜라의 흑막을 싫어하는 당신. 이제는 자몽과 사이다로 다시 태어난 숏 아일랜드 아이스 티를 맛 보세요!','post%2F1001%2F19344610937202_cocktail5.jpg','2022-08-17 14:45:54.768239',1001),
('cocktail',5020,'2022-08-17 14:47:37.213351','혼자서 먹으니 왕 맛있다.','post%2F5005%2F19448316145254_cocktail_pretty.jpg','2022-08-17 14:47:37.213351',5005),
('cocktail_awards',5036,'2022-08-17 14:55:08.365187','칵테일을 오이와 함께 드셔보세요.','post%2F1008%2F19899426327260_margarita-gddcb507e4_1920.jpg','2022-08-17 14:55:08.365187',1008),
('cocktail_awards',5044,'2022-08-17 15:06:56.712015','전통적인 칵테일 올드패션드입니다.\r\n올드패션드 한 잔이면 잼민이었던 나도 신사로 변신!\r\n달콤한 한 잔과 함께 칭얼거리는 당신을 어른으로 만들어주는 음료와 치얼스','post%2F1045%2F20607780929724_alcohol-g159e483fb_1920.jpg','2022-08-17 15:06:56.712015',1045),
('cocktail',6133,'2022-08-17 15:53:43.964170','힘든 하루를 이겨낼 수 있도록 도와주는 녀석.','post%2F5005%2F23548977488633_cocktail-4307170_1280.jpg','2022-08-17 15:55:58.001607',5005),
('cocktail_awards',6134,'2022-08-17 15:57:18.190780','올리브와 보드카를 섞은 고급스러운 칵테일','post%2F5005%2F23629340068726_martini-3895604_1280.jpg','2022-08-17 15:57:18.190780',5005),
('cocktail',7224,'2022-08-17 23:56:49.536277','달달구리한 맛~~!','post%2F7211%2F52400713853236_%EB%8B%A4%EC%9A%B4%EB%A1%9C%EB%93%9C_1.jpg','2022-08-17 23:56:49.536277',7211),
('cocktail',17022,'2022-08-18 21:19:53.247225','몸통이 길쭉하고 날씬한 남방큰돌고래 같은 칵테일 입니다.','post%2F1002%2F22673042017501_cocktail-1971489_960_720.jpg','2022-08-18 21:19:53.247225',1002),
('cocktail_awards',17023,'2022-08-18 21:21:01.939817','라즈베리 펀치와 같이 상큼한 맛이 일품인 칵테일 입니다. 한번 먹으면 잊지 못합니다 ^.^','post%2F1002%2F22741633413594_raspberries-g9affc53e6_1920.jpg','2022-08-18 21:21:01.939817',1002);
/*!40000 ALTER TABLE `post` ENABLE KEYS */;
UNLOCK TABLES;

--
-- Table structure for table `post_bookmark`
--

DROP TABLE IF EXISTS `post_bookmark`;
/*!40101 SET @saved_cs_client     = @@character_set_client */;
/*!40101 SET character_set_client = utf8 */;
CREATE TABLE `post_bookmark` (
  `m_id` bigint(20) NOT NULL,
  `p_id` bigint(20) NOT NULL,
  `b_timestamp` datetime(6) DEFAULT NULL,
  PRIMARY KEY (`m_id`,`p_id`),
  KEY `bookmark_of_post` (`p_id`),
  CONSTRAINT `bookmark_of_post` FOREIGN KEY (`p_id`) REFERENCES `post` (`p_id`) ON DELETE CASCADE,
  CONSTRAINT `post_bookmark_of_user` FOREIGN KEY (`m_id`) REFERENCES `member` (`uid`) ON DELETE CASCADE
) ENGINE=InnoDB DEFAULT CHARSET=utf8mb4 COLLATE=utf8mb4_unicode_ci;
/*!40101 SET character_set_client = @saved_cs_client */;

--
-- Dumping data for table `post_bookmark`
--

LOCK TABLES `post_bookmark` WRITE;
/*!40000 ALTER TABLE `post_bookmark` DISABLE KEYS */;
INSERT INTO `post_bookmark` VALUES
(1,1059,'2022-08-17 17:52:07.345766'),
(1,5036,'2022-08-17 14:56:34.635602'),
(2,1056,'2022-08-17 13:50:05.817624'),
(2,1059,'2022-08-18 14:15:06.170831'),
(2,1075,'2022-08-18 04:09:02.585517'),
(2,1080,'2022-08-17 13:49:30.220595'),
(2,1084,'2022-08-17 15:59:14.110672'),
(2,1106,'2022-08-17 15:59:13.548713'),
(2,3007,'2022-08-17 15:59:12.483541'),
(2,5014,'2022-08-18 11:38:58.216248'),
(2,5020,'2022-08-18 04:06:59.101999'),
(2,5036,'2022-08-17 15:59:12.105294'),
(2,5044,'2022-08-18 14:27:16.603789'),
(3,1039,'2022-08-17 11:23:21.095131'),
(3,1056,'2022-08-17 11:23:33.630028'),
(3,1057,'2022-08-17 11:23:55.695998'),
(3,1066,'2022-08-17 11:24:00.858744'),
(3,1071,'2022-08-17 11:24:05.879252'),
(3,1072,'2022-08-17 11:23:52.162163'),
(3,1075,'2022-08-17 11:23:47.494204'),
(3,1080,'2022-08-17 11:23:44.740649'),
(3,1084,'2022-08-17 15:49:21.409079'),
(3,3007,'2022-08-17 15:49:22.445083'),
(1001,1039,'2022-08-17 14:46:10.904248'),
(1001,1120,'2022-08-17 14:23:28.201469'),
(1001,2010,'2022-08-17 14:58:49.533792'),
(1001,3007,'2022-08-17 15:58:23.364011'),
(1001,5020,'2022-08-17 21:51:24.430985'),
(1001,5036,'2022-08-17 15:58:21.582593'),
(1001,5044,'2022-08-17 15:58:16.104215'),
(1001,7224,'2022-08-17 23:58:29.813086'),
(1002,1039,'2022-08-17 11:03:29.002735'),
(1002,1075,'2022-08-18 21:15:10.162891'),
(1002,1080,'2022-08-17 15:14:08.883607'),
(1002,2010,'2022-08-18 21:06:11.283086'),
(1002,3007,'2022-08-17 14:50:27.397208'),
(1002,5014,'2022-08-18 21:06:04.053639'),
(1003,1039,'2022-08-17 11:05:44.068746'),
(1003,1075,'2022-08-17 11:11:01.654435'),
(1003,1080,'2022-08-17 11:10:58.733088'),
(1003,1084,'2022-08-17 11:12:41.991088'),
(1003,7224,'2022-08-17 23:57:24.756947'),
(1008,1039,'2022-08-17 11:04:23.615987'),
(1008,1056,'2022-08-17 11:03:09.446080'),
(1008,1057,'2022-08-17 11:16:21.465148'),
(1008,1059,'2022-08-17 11:08:26.265552'),
(1008,1066,'2022-08-17 11:16:18.567385'),
(1008,1071,'2022-08-17 11:14:49.792385'),
(1008,1072,'2022-08-17 11:14:47.452920'),
(1008,1075,'2022-08-17 11:14:43.608675'),
(1008,1080,'2022-08-17 11:14:41.767500'),
(1008,1088,'2022-08-17 15:58:02.511176'),
(1008,5036,'2022-08-18 18:04:47.078222'),
(1008,5044,'2022-08-17 16:12:02.375862'),
(1008,6134,'2022-08-17 16:12:01.746029'),
(1045,1056,'2022-08-18 15:43:48.347135'),
(1045,1071,'2022-08-18 15:42:31.017857'),
(1045,1072,'2022-08-18 15:41:00.179679'),
(1045,1075,'2022-08-18 15:41:01.106863'),
(1045,1080,'2022-08-18 15:41:02.076461'),
(1045,1088,'2022-08-18 15:41:03.395019'),
(1045,3014,'2022-08-18 15:41:04.557020'),
(1045,3024,'2022-08-18 15:40:39.553729'),
(1062,1039,'2022-08-17 11:06:46.726446'),
(1062,1057,'2022-08-17 11:03:29.326136'),
(1062,1080,'2022-08-17 11:19:51.615863'),
(1062,5014,'2022-08-18 10:34:34.857987'),
(1062,7224,'2022-08-17 23:57:48.770949'),
(5005,1039,'2022-08-17 14:36:47.993410'),
(5005,1066,'2022-08-17 14:44:58.594822'),
(5005,3007,'2022-08-17 14:50:19.953265'),
(5005,5020,'2022-08-17 23:23:20.134225'),
(5005,6133,'2022-08-18 04:07:51.910257'),
(5005,6134,'2022-08-18 03:47:28.342563'),
(7211,2010,'2022-08-18 16:15:21.099311'),
(7211,3007,'2022-08-18 16:15:49.440711');
/*!40000 ALTER TABLE `post_bookmark` ENABLE KEYS */;
UNLOCK TABLES;

--
-- Table structure for table `post_review`
--

DROP TABLE IF EXISTS `post_review`;
/*!40101 SET @saved_cs_client     = @@character_set_client */;
/*!40101 SET character_set_client = utf8 */;
CREATE TABLE `post_review` (
  `id` bigint(20) NOT NULL,
  `pr_create_time` datetime(6) DEFAULT NULL,
  `pr_last_update_time` datetime(6) DEFAULT NULL,
  `pr_review` varchar(200) COLLATE utf8mb4_unicode_ci DEFAULT NULL,
  `pr_uid` bigint(20) DEFAULT NULL,
  `pr_p_id` bigint(20) DEFAULT NULL,
  PRIMARY KEY (`id`),
  KEY `post_review_of` (`pr_uid`),
  KEY `post_review_of_post` (`pr_p_id`),
  CONSTRAINT `post_review_of` FOREIGN KEY (`pr_uid`) REFERENCES `member` (`uid`) ON DELETE CASCADE,
  CONSTRAINT `post_review_of_post` FOREIGN KEY (`pr_p_id`) REFERENCES `post` (`p_id`) ON DELETE CASCADE
) ENGINE=InnoDB DEFAULT CHARSET=utf8mb4 COLLATE=utf8mb4_unicode_ci;
/*!40101 SET character_set_client = @saved_cs_client */;

--
-- Dumping data for table `post_review`
--

LOCK TABLES `post_review` WRITE;
/*!40000 ALTER TABLE `post_review` DISABLE KEYS */;
INSERT INTO `post_review` VALUES
(1067,'2022-08-17 11:04:06.365931','2022-08-17 11:04:06.365931','짤리님 당신의 팬이야',1008,1056),
(1069,'2022-08-17 11:05:17.168790','2022-08-17 11:05:17.168790','피맥.. 제 최애 조합',1062,1066),
(1070,'2022-08-17 11:05:18.872955','2022-08-17 11:05:18.872955','레몬 맛이 풍부 하것소',1008,1039),
(1083,'2022-08-17 11:11:03.681332','2022-08-17 11:11:03.681332','ㅇㅇ',1002,1071),
(1086,'2022-08-17 11:13:06.206214','2022-08-17 11:13:06.206214','잭허니랑 맥주랑 섞어도 맛있어요!!',1,1080),
(1090,'2022-08-17 11:15:18.327513','2022-08-17 11:15:18.327513','정말 맛나겠네요',1008,1071),
(4001,'2022-08-17 13:44:19.843329','2022-08-17 13:44:19.843329','나중에 잭허니랑 맥주 섞어먹어봐야겠네요',1001,1080),
(5011,'2022-08-17 14:37:28.429336','2022-08-17 14:37:28.429336','오 엄청 맛있어 보이네요 ^^',5005,1039),
(5015,'2022-08-17 14:46:15.080004','2022-08-17 14:46:15.080004','dk',1008,1088),
(5021,'2022-08-17 14:48:12.592578','2022-08-17 14:48:12.592578','음',1008,3024),
(5045,'2022-08-17 15:12:53.559533','2022-08-17 15:12:53.559533','오 맛있어보이네요!!',1001,1039),
(6192,'2022-08-17 20:48:09.387601','2022-08-17 21:36:35.697971','짤리님 고마워요~',1001,1056),
(7225,'2022-08-17 23:58:00.661585','2022-08-17 23:58:00.661585','맛있어 보여요!',1062,7224),
(7227,'2022-08-18 00:10:58.327111','2022-08-18 00:10:58.327111','댓글',5005,6133),
(14002,'2022-08-18 14:06:14.922312','2022-08-18 14:06:14.922312','헐 맛있겠다!!!!!!!',2,1075),
(16005,'2022-08-18 15:42:44.739605','2022-08-18 15:42:44.739605','선생님이 제일 좋아하는 피자는?',1045,1066),
(16006,'2022-08-18 15:42:48.968756','2022-08-18 15:42:48.968756','책 피자 하하하하하',1045,1066),
(16007,'2022-08-18 15:43:06.446932','2022-08-18 15:43:06.446932','어머^^ 정말 맛있겠네요~~',1045,1059),
(16009,'2022-08-18 15:43:38.040943','2022-08-18 15:43:38.040943','와 여기 완전 카페 감성이네요!!',1045,1057),
(16136,'2022-08-18 16:33:48.856696','2022-08-18 16:33:48.856696','금요일엔 소주~ 금주~',1008,1107),
(16138,'2022-08-18 16:36:30.894389','2022-08-18 16:36:30.894389','한입만~',1008,5020),
(16267,'2022-08-18 20:55:44.389833','2022-08-18 20:55:44.389833','ㅇㅅㅇ',1002,1075);
/*!40000 ALTER TABLE `post_review` ENABLE KEYS */;
UNLOCK TABLES;

--
-- Table structure for table `refresh_token`
--

DROP TABLE IF EXISTS `refresh_token`;
/*!40101 SET @saved_cs_client     = @@character_set_client */;
/*!40101 SET character_set_client = utf8 */;
CREATE TABLE `refresh_token` (
  `uid` bigint(20) NOT NULL,
  `token` varchar(255) COLLATE utf8mb4_unicode_ci DEFAULT NULL,
  PRIMARY KEY (`uid`),
  CONSTRAINT `refresh_token_of_user` FOREIGN KEY (`uid`) REFERENCES `member` (`uid`) ON DELETE CASCADE
) ENGINE=InnoDB DEFAULT CHARSET=utf8mb4 COLLATE=utf8mb4_unicode_ci;
/*!40101 SET character_set_client = @saved_cs_client */;

--
-- Dumping data for table `refresh_token`
--

LOCK TABLES `refresh_token` WRITE;
/*!40000 ALTER TABLE `refresh_token` DISABLE KEYS */;
INSERT INTO `refresh_token` VALUES
(1,'eyJhbGciOiJIUzUxMiJ9.eyJzdWIiOiIxIiwiaWF0IjoxNjYwNzkyMjU0LCJleHAiOjE2NjEzOTcwNTR9.0Doc3kZIsLhrGkUmXvcRWWQc3nl1OUDlbxOPAGTV3uCA3cbdGes9dKQWuS-k6Sh07mLSQiW5vilDOFQYTsnIhg'),
(2,'eyJhbGciOiJIUzUxMiJ9.eyJzdWIiOiIyIiwiaWF0IjoxNjYwODIzODc0LCJleHAiOjE2NjE0Mjg2NzR9.k-ZRyWl_anoDwGLfbFzt8dXTjfx2AUGxx6tt0C-Y1z3OLxhXnym7_o5MbzD6N7P8B2D8Q8hGGXHxrftq9jRBGA'),
(1001,'eyJhbGciOiJIUzUxMiJ9.eyJzdWIiOiIxMDAxIiwiaWF0IjoxNjYwODI0NDQwLCJleHAiOjE2NjE0MjkyNDB9.eJ9Pa7QKpGouFNJDXqHHHFuWBQKWap9sZec4v2c5iasy38wDjk2Hzx6GtSu_E_7o7iCPVEkmtFCAVByc4-lzHg'),
(1002,'eyJhbGciOiJIUzUxMiJ9.eyJzdWIiOiIxMDAyIiwiaWF0IjoxNjYwODI0MjkzLCJleHAiOjE2NjE0MjkwOTN9.m-_7G_LeFt6t5nk4c3IdAXcd96YMtdxVAh1NDmKD0ymEGptlC6KU8HAnHiIybFfd09la1r6mlH2_Tncq-yY2QA'),
(1008,'eyJhbGciOiJIUzUxMiJ9.eyJzdWIiOiIxMDA4IiwiaWF0IjoxNjYwODEzNDQ1LCJleHAiOjE2NjE0MTgyNDV9.WqvguWgiLi0M-R2pmTKub9C0q6pyYDiHLC1FRRs3QR3LTXa51XBRz3fQgIMPGfCeYkzxKJoVFva92N-feSeCzQ'),
(1065,'eyJhbGciOiJIUzUxMiJ9.eyJzdWIiOiIxMDY1IiwiaWF0IjoxNjYwNzg1Mjk1LCJleHAiOjE2NjEzOTAwOTV9.UThks808ByjstdhVMA9K0TNEW43yiAfDv__hQeeqLvdTkQTHN0tryHZyrIBuOGUntZknkeC-_XrODvNuGrL7gg'),
(5005,'eyJhbGciOiJIUzUxMiJ9.eyJzdWIiOiI1MDA1IiwiaWF0IjoxNjYwODA2NTU3LCJleHAiOjE2NjE0MTEzNTd9.OkwEm77uVqH1pUPxr8eicMhssl8W2JdZYwUf3HOI0RtGqMaGJls9ZMlAYhL0HaLFtQWAR_xd40cZucWRE6Xkuw'),
(7211,'eyJhbGciOiJIUzUxMiJ9.eyJzdWIiOiI3MjExIiwiaWF0IjoxNjYwODA2NzcxLCJleHAiOjE2NjE0MTE1NzF9._n8P9x7-6An3vksVYIUI5BZ64S4vQm9lMiUSPeUktuIouXNfyuaMV5DLZuTlV3Oii3unkwIZCoKzAEKHvss7_A'),
(15001,'eyJhbGciOiJIUzUxMiJ9.eyJzdWIiOiIxNTAwMSIsImlhdCI6MTY2MDgwNjc1MywiZXhwIjoxNjYxNDExNTUzfQ.hZcVv-jBw_OYr2PYUmRinIa0Eh2ia8ORif2kZ1dfxGfEU-oP3SzOo_IBh1g_AjohibXvz1VrIPZ7dZGrezpJYw'),
(16108,'eyJhbGciOiJIUzUxMiJ9.eyJzdWIiOiIxNjEwOCIsImlhdCI6MTY2MDgyNDA4MiwiZXhwIjoxNjYxNDI4ODgyfQ.ch1wffKQnxg7FLCn15J3OM5mqgDznPTU-bYAaXa23UxfispUBzcM5HwTMxbfA8ee-a8lbgfbnAou87iup9Jtew');
/*!40000 ALTER TABLE `refresh_token` ENABLE KEYS */;
UNLOCK TABLES;

--
-- Table structure for table `search_history`
--

DROP TABLE IF EXISTS `search_history`;
/*!40101 SET @saved_cs_client     = @@character_set_client */;
/*!40101 SET character_set_client = utf8 */;
CREATE TABLE `search_history` (
  `h_id` bigint(20) NOT NULL,
  `h_creationtime` datetime(6) DEFAULT NULL,
  `h_keyword` varchar(255) COLLATE utf8mb4_unicode_ci DEFAULT NULL,
  `h_userid` bigint(20) DEFAULT NULL,
  PRIMARY KEY (`h_id`)
) ENGINE=InnoDB DEFAULT CHARSET=utf8mb4 COLLATE=utf8mb4_unicode_ci;
/*!40101 SET character_set_client = @saved_cs_client */;

--
-- Dumping data for table `search_history`
--

LOCK TABLES `search_history` WRITE;
/*!40000 ALTER TABLE `search_history` DISABLE KEYS */;
INSERT INTO `search_history` VALUES
(1004,'2022-08-17 10:45:23.589749','레몬',NULL),
(1005,'2022-08-17 10:45:23.834359','레몬',NULL),
(1006,'2022-08-17 10:45:39.088010','레몬',NULL),
(1007,'2022-08-17 10:45:39.398051','레몬',NULL),
(1009,'2022-08-17 10:46:05.611867','모히또',NULL),
(1010,'2022-08-17 10:46:05.907627','모히또',NULL),
(1011,'2022-08-17 10:46:10.327561','레몬',NULL),
(1012,'2022-08-17 10:46:10.629717','레몬',NULL),
(1013,'2022-08-17 10:46:11.617927','모히또',NULL),
(1014,'2022-08-17 10:46:11.915133','모히또',NULL),
(1015,'2022-08-17 10:46:13.709015','모히또',NULL),
(1016,'2022-08-17 10:46:14.012140','모히또',NULL),
(1017,'2022-08-17 10:46:20.347212','브루클린',NULL),
(1018,'2022-08-17 10:46:20.647131','브루클린',NULL),
(1019,'2022-08-17 10:46:48.824188','보드카',NULL),
(1020,'2022-08-17 10:46:49.106562','보드카',NULL),
(1021,'2022-08-17 10:46:54.080859','보드카',NULL),
(1022,'2022-08-17 10:46:54.606410','보드카',NULL),
(1023,'2022-08-17 10:46:56.135272','보드카',NULL),
(1024,'2022-08-17 10:46:58.167436','보드카',NULL),
(1025,'2022-08-17 10:47:16.206024','레몬',NULL),
(1026,'2022-08-17 10:47:16.512639','레몬',NULL),
(1027,'2022-08-17 10:47:20.429056','레몬',NULL),
(1028,'2022-08-17 10:47:20.719010','레몬',NULL),
(1029,'2022-08-17 10:47:27.661113','레몬',NULL),
(1030,'2022-08-17 10:47:27.968150','레몬',NULL),
(1031,'2022-08-17 10:47:52.566885','레몬',NULL),
(1032,'2022-08-17 10:47:52.871520','레몬',NULL),
(1037,'2022-08-17 10:52:06.794173','레몬',NULL),
(1038,'2022-08-17 10:52:07.099252','레몬',NULL),
(1040,'2022-08-17 10:53:43.809013','레몬',NULL),
(1041,'2022-08-17 10:53:44.113898','레몬',NULL),
(1042,'2022-08-17 10:53:57.395069','레몬',NULL),
(1043,'2022-08-17 10:53:57.689901','레몬',NULL),
(1048,'2022-08-17 10:55:59.842242','브루클린',NULL),
(1049,'2022-08-17 10:56:00.127775','브루클린',NULL),
(1050,'2022-08-17 10:57:24.708545','레몬',NULL),
(1051,'2022-08-17 10:57:25.006541','레몬',NULL),
(1052,'2022-08-17 10:57:30.134011','영우',NULL),
(1053,'2022-08-17 10:57:30.438095','영우',NULL),
(1054,'2022-08-17 10:57:39.050213','짤리',NULL),
(1055,'2022-08-17 10:57:39.366900','짤리',NULL),
(1060,'2022-08-17 11:02:03.316868','브루클',NULL),
(1061,'2022-08-17 11:02:03.616517','브루클',NULL),
(1063,'2022-08-17 11:03:18.441813','레몬',NULL),
(1064,'2022-08-17 11:03:18.753753','레몬',NULL),
(1073,'2022-08-17 11:08:29.209711','짤리',NULL),
(1074,'2022-08-17 11:08:29.428026','짤리',NULL),
(1076,'2022-08-17 11:09:04.432530','영우',NULL),
(1077,'2022-08-17 11:09:04.615365','영우',NULL),
(1078,'2022-08-17 11:09:27.663377','영우',NULL),
(1079,'2022-08-17 11:09:27.834802','영우',NULL),
(1081,'2022-08-17 11:10:01.598329','영우',NULL),
(1082,'2022-08-17 11:10:01.890290','영우',NULL),
(1092,'2022-08-17 11:20:01.290861','레몬',NULL),
(1093,'2022-08-17 11:20:01.605334','레몬',NULL),
(1094,'2022-08-17 11:20:06.265029','레몬',NULL),
(1095,'2022-08-17 11:20:06.574208','레몬',NULL),
(1096,'2022-08-17 11:20:08.241963','레몬',NULL),
(1097,'2022-08-17 11:20:08.547944','레몬',NULL),
(1099,'2022-08-17 11:20:52.570002','위스키',NULL),
(1100,'2022-08-17 11:20:52.881388','위스키',NULL),
(1101,'2022-08-17 11:20:56.083228','위스키',NULL),
(1102,'2022-08-17 11:20:56.384180','위스키',NULL),
(1103,'2022-08-17 11:20:57.960774','위스키',NULL),
(1104,'2022-08-17 11:20:58.263706','위스키',NULL),
(1108,'2022-08-17 12:31:33.501347','레몬',NULL),
(1109,'2022-08-17 12:31:33.796138','레몬',NULL),
(1110,'2022-08-17 12:31:38.376884','레몬',NULL),
(1111,'2022-08-17 12:31:39.051082','레몬',NULL),
(1112,'2022-08-17 12:31:39.416631','레몬',NULL),
(1113,'2022-08-17 12:31:39.776953','레몬',NULL),
(1114,'2022-08-17 12:31:40.219300','레몬',NULL),
(1115,'2022-08-17 12:33:26.526207','레몬',NULL),
(1116,'2022-08-17 12:33:26.652204','레몬',NULL),
(1117,'2022-08-17 12:33:26.761223','레몬',NULL),
(1118,'2022-08-17 12:33:32.173286','레몬',NULL),
(1119,'2022-08-17 12:33:32.477124','레몬',NULL),
(1121,'2022-08-17 12:45:31.671113','레몬',NULL),
(1122,'2022-08-17 12:45:31.971458','레몬',NULL),
(2001,'2022-08-17 12:54:37.073523','레몬',NULL),
(2002,'2022-08-17 12:54:37.282968','레몬',NULL),
(2003,'2022-08-17 12:55:28.877433','레몬',NULL),
(2004,'2022-08-17 12:55:29.190847','레몬',NULL),
(2005,'2022-08-17 12:57:31.267348','레몬',NULL),
(2006,'2022-08-17 12:57:31.462233','레몬',NULL),
(2008,'2022-08-17 12:58:32.733337','레몬',NULL),
(2009,'2022-08-17 12:58:33.037541','레몬',NULL),
(2011,'2022-08-17 13:02:48.749876','레몬',NULL),
(2012,'2022-08-17 13:02:48.986012','레몬',NULL),
(3001,'2022-08-17 13:03:52.712640','블러디',NULL),
(3002,'2022-08-17 13:03:52.845347','블러디',NULL),
(3003,'2022-08-17 13:04:41.217839','영우',NULL),
(3004,'2022-08-17 13:04:41.498490','영우',NULL),
(3005,'2022-08-17 13:05:06.257157','영우',NULL),
(3006,'2022-08-17 13:05:06.551284','영우',NULL),
(3008,'2022-08-17 13:23:49.056175','블루 하와이',NULL),
(3009,'2022-08-17 13:23:49.366726','블루 하와이',NULL),
(3010,'2022-08-17 13:23:52.058513','블루',NULL),
(3011,'2022-08-17 13:23:52.359657','블루',NULL),
(3015,'2022-08-17 13:32:12.291822','영우',NULL),
(3016,'2022-08-17 13:32:12.572837','영우',NULL),
(3017,'2022-08-17 13:33:09.612146','피나콜라다 믹스',NULL),
(3018,'2022-08-17 13:33:09.659654','피나콜라다 믹스',NULL),
(3019,'2022-08-17 13:33:09.694664','피나콜라다 믹스',NULL),
(3020,'2022-08-17 13:33:13.837018','피나콜라다',NULL),
(3021,'2022-08-17 13:33:14.131855','피나콜라다',NULL),
(3022,'2022-08-17 13:33:25.234908','피나콜라다',NULL),
(3023,'2022-08-17 13:33:25.535738','피나콜라다',NULL),
(4002,'2022-08-17 13:49:19.722020','짤리',NULL),
(4003,'2022-08-17 13:49:19.817591','짤리',NULL),
(5001,'2022-08-17 14:25:55.135756','fpahs',NULL),
(5002,'2022-08-17 14:25:55.392416','fpahs',NULL),
(5003,'2022-08-17 14:26:01.338026','레몬',NULL),
(5004,'2022-08-17 14:26:01.638233','레몬',NULL),
(5006,'2022-08-17 14:36:09.815203','영우',NULL),
(5007,'2022-08-17 14:36:10.104235','영우',NULL),
(5008,'2022-08-17 14:36:14.533030','짤리',NULL),
(5009,'2022-08-17 14:36:14.838689','짤리',NULL),
(5012,'2022-08-17 14:42:40.976123','모히또',NULL),
(5013,'2022-08-17 14:42:41.285129','모히또',NULL),
(5016,'2022-08-17 14:46:57.732508','피나콜라다 믹스',NULL),
(5017,'2022-08-17 14:46:58.049734','피나콜라다 믹스',NULL),
(5018,'2022-08-17 14:47:02.467466','피나콜라다 믹스',NULL),
(5019,'2022-08-17 14:47:02.788393','피나콜라다 믹스',NULL),
(5022,'2022-08-17 14:48:54.893584','피나콜라다',NULL),
(5023,'2022-08-17 14:48:55.191587','피나콜라다',NULL),
(5024,'2022-08-17 14:49:22.997891','영우',NULL),
(5025,'2022-08-17 14:49:23.307268','영우',NULL),
(5026,'2022-08-17 14:51:49.303446','롱아일랜드 ',NULL),
(5027,'2022-08-17 14:51:49.601074','롱아일랜드 ',NULL),
(5028,'2022-08-17 14:52:27.606099','영우',NULL),
(5029,'2022-08-17 14:52:27.902929','영우',NULL),
(5030,'2022-08-17 14:52:31.391188','보드카',NULL),
(5031,'2022-08-17 14:52:31.692231','보드카',NULL),
(5032,'2022-08-17 14:52:36.738752','보드카',NULL),
(5033,'2022-08-17 14:52:37.050905','보드카',NULL),
(5034,'2022-08-17 14:52:38.879837','보드카',NULL),
(5035,'2022-08-17 14:52:40.533396','보드카',NULL),
(5037,'2022-08-17 14:58:21.693411','영우',NULL),
(5038,'2022-08-17 14:58:22.006629','영우',NULL),
(5040,'2022-08-17 15:01:48.204968','블러드 메리',NULL),
(5041,'2022-08-17 15:01:48.518478','블러드 메리',NULL),
(5042,'2022-08-17 15:01:50.919558','메리',NULL),
(5043,'2022-08-17 15:01:51.215151','메리',NULL),
(6001,'2022-08-17 15:47:04.995113','보드카',NULL),
(6002,'2022-08-17 15:47:05.239454','보드카',NULL),
(6003,'2022-08-17 15:47:07.982818','레몬',NULL),
(6004,'2022-08-17 15:47:08.286051','레몬',NULL),
(6005,'2022-08-17 15:47:09.797604','보드카',NULL),
(6006,'2022-08-17 15:47:10.108415','보드카',NULL),
(6007,'2022-08-17 15:47:12.527495','레몬',NULL),
(6008,'2022-08-17 15:47:12.739114','레몬',NULL),
(6009,'2022-08-17 15:47:12.820287','레몬',NULL),
(6010,'2022-08-17 15:47:13.047802','레몬',NULL),
(6011,'2022-08-17 15:47:15.363263','마티니',NULL),
(6012,'2022-08-17 15:47:15.675139','마티니',NULL),
(6013,'2022-08-17 15:47:16.077865','위스키',NULL),
(6014,'2022-08-17 15:47:16.373725','위스키',NULL),
(6015,'2022-08-17 15:47:19.811977','커피',NULL),
(6016,'2022-08-17 15:47:20.120775','커피',NULL),
(6017,'2022-08-17 15:47:20.634100','럼',NULL),
(6018,'2022-08-17 15:47:20.928498','럼',NULL),
(6019,'2022-08-17 15:47:21.712627','마티니',NULL),
(6020,'2022-08-17 15:47:22.015016','마티니',NULL),
(6021,'2022-08-17 15:47:23.589594','와인',NULL),
(6022,'2022-08-17 15:47:23.890653','와인',NULL),
(6023,'2022-08-17 15:47:25.374174','마티니',NULL),
(6024,'2022-08-17 15:47:25.676386','마티니',NULL),
(6025,'2022-08-17 15:47:26.605583','와인',NULL),
(6026,'2022-08-17 15:47:26.911388','와인',NULL),
(6027,'2022-08-17 15:47:28.681918','바나나',NULL),
(6028,'2022-08-17 15:47:28.983213','바나나',NULL),
(6029,'2022-08-17 15:47:29.777617','와인',NULL),
(6030,'2022-08-17 15:47:30.082431','와인',NULL),
(6031,'2022-08-17 15:47:31.760447','칵테일',NULL),
(6032,'2022-08-17 15:47:32.072251','칵테일',NULL),
(6033,'2022-08-17 15:47:33.537216','유자',NULL),
(6034,'2022-08-17 15:47:33.845580','유자',NULL),
(6035,'2022-08-17 15:47:35.904360','토마토',NULL),
(6036,'2022-08-17 15:47:36.099681','바카디',NULL),
(6037,'2022-08-17 15:47:36.225308','토마토',NULL),
(6038,'2022-08-17 15:47:36.400057','바카디',NULL),
(6039,'2022-08-17 15:47:39.247161','보드카',NULL),
(6040,'2022-08-17 15:47:39.544104','보드카',NULL),
(6041,'2022-08-17 15:47:42.684729','보드카',NULL),
(6042,'2022-08-17 15:47:42.992291','보드카',NULL),
(6043,'2022-08-17 15:47:43.967499','애플',NULL),
(6044,'2022-08-17 15:47:44.273853','애플',NULL),
(6045,'2022-08-17 15:48:09.424211','모히또',NULL),
(6046,'2022-08-17 15:48:09.723588','모히또',NULL),
(6047,'2022-08-17 15:48:11.606495','모히또',NULL),
(6048,'2022-08-17 15:48:11.908046','모히또',NULL),
(6049,'2022-08-17 15:48:12.954772','모히또',NULL),
(6050,'2022-08-17 15:48:13.253513','모히또',NULL),
(6051,'2022-08-17 15:48:14.690482','모히또',NULL),
(6052,'2022-08-17 15:48:15.000968','모히또',NULL),
(6053,'2022-08-17 15:48:17.499903','모히또',NULL),
(6054,'2022-08-17 15:48:17.807541','모히또',NULL),
(6055,'2022-08-17 15:48:22.276342','모히또',NULL),
(6056,'2022-08-17 15:48:22.570268','모히또',NULL),
(6057,'2022-08-17 15:48:23.205665','모히또',NULL),
(6058,'2022-08-17 15:48:23.513903','모히또',NULL),
(6059,'2022-08-17 15:48:23.961921','모히또',NULL),
(6060,'2022-08-17 15:48:24.277609','모히또',NULL),
(6061,'2022-08-17 15:48:24.652745','모히또',NULL),
(6062,'2022-08-17 15:48:24.959201','모히또',NULL),
(6063,'2022-08-17 15:48:25.340309','모히또',NULL),
(6064,'2022-08-17 15:48:25.631953','모히또',NULL),
(6065,'2022-08-17 15:48:25.850911','모히또',NULL),
(6066,'2022-08-17 15:48:26.148970','모히또',NULL),
(6067,'2022-08-17 15:48:26.404089','모히또',NULL),
(6068,'2022-08-17 15:48:26.700109','모히또',NULL),
(6069,'2022-08-17 15:48:27.086178','모히또',NULL),
(6070,'2022-08-17 15:48:27.383645','모히또',NULL),
(6071,'2022-08-17 15:48:27.663959','모히또',NULL),
(6072,'2022-08-17 15:48:27.966627','모히또',NULL),
(6073,'2022-08-17 15:48:28.190071','모히또',NULL),
(6074,'2022-08-17 15:48:28.493085','모히또',NULL),
(6075,'2022-08-17 15:48:28.634225','모히또',NULL),
(6076,'2022-08-17 15:48:28.937278','모히또',NULL),
(6077,'2022-08-17 15:48:29.022136','모히또',NULL),
(6078,'2022-08-17 15:48:29.327014','모히또',NULL),
(6079,'2022-08-17 15:48:29.362429','모히또',NULL),
(6080,'2022-08-17 15:48:29.575284','모히또',NULL),
(6081,'2022-08-17 15:48:29.638985','모히또',NULL),
(6082,'2022-08-17 15:48:29.878445','모히또',NULL),
(6083,'2022-08-17 15:48:29.949705','모히또',NULL),
(6084,'2022-08-17 15:48:30.253906','모히또',NULL),
(6085,'2022-08-17 15:48:30.307817','모히또',NULL),
(6086,'2022-08-17 15:48:30.604895','모히또',NULL),
(6087,'2022-08-17 15:48:30.657292','모히또',NULL),
(6088,'2022-08-17 15:48:30.807033','모히또',NULL),
(6089,'2022-08-17 15:48:30.951944','모히또',NULL),
(6090,'2022-08-17 15:48:31.103239','모히또',NULL),
(6091,'2022-08-17 15:48:31.161199','모히또',NULL),
(6092,'2022-08-17 15:48:31.455626','모히또',NULL),
(6093,'2022-08-17 15:48:31.516146','모히또',NULL),
(6094,'2022-08-17 15:48:31.666506','모히또',NULL),
(6095,'2022-08-17 15:48:31.797638','모히또',NULL),
(6096,'2022-08-17 15:48:31.961251','모히또',NULL),
(6097,'2022-08-17 15:48:31.993218','모히또',NULL),
(6098,'2022-08-17 15:48:32.284162','모히또',NULL),
(6099,'2022-08-17 15:48:32.364566','모히또',NULL),
(6100,'2022-08-17 15:48:32.523499','모히또',NULL),
(6101,'2022-08-17 15:48:32.656011','모히또',NULL),
(6102,'2022-08-17 15:48:32.820206','모히또',NULL),
(6103,'2022-08-17 15:48:32.864765','모히또',NULL),
(6104,'2022-08-17 15:48:33.163719','모히또',NULL),
(6105,'2022-08-17 15:48:33.205549','모히또',NULL),
(6106,'2022-08-17 15:48:33.509035','모히또',NULL),
(6107,'2022-08-17 15:48:33.565900','모히또',NULL),
(6108,'2022-08-17 15:48:33.861554','모히또',NULL),
(6109,'2022-08-17 15:48:33.894911','모히또',NULL),
(6110,'2022-08-17 15:48:34.157286','모히또',NULL),
(6111,'2022-08-17 15:48:34.191881','모히또',NULL),
(6112,'2022-08-17 15:48:34.449485','모히또',NULL),
(6113,'2022-08-17 15:48:34.525778','모히또',NULL),
(6114,'2022-08-17 15:48:34.822351','모히또',NULL),
(6115,'2022-08-17 15:48:34.855002','모히또',NULL),
(6116,'2022-08-17 15:48:35.018722','모히또',NULL),
(6117,'2022-08-17 15:48:35.153232','모히또',NULL),
(6118,'2022-08-17 15:48:35.312681','모히또',NULL),
(6119,'2022-08-17 15:48:35.356451','모히또',NULL),
(6120,'2022-08-17 15:48:35.661009','모히또',NULL),
(6121,'2022-08-17 15:48:35.704659','모히또',NULL),
(6122,'2022-08-17 15:48:36.014162','모히또',NULL),
(6123,'2022-08-17 15:48:36.068552','모히또',NULL),
(6124,'2022-08-17 15:48:36.361773','모히또',NULL),
(6125,'2022-08-17 15:48:36.416537','모히또',NULL),
(6126,'2022-08-17 15:48:36.710920','모히또',NULL),
(6127,'2022-08-17 15:48:36.760907','모히또',NULL),
(6128,'2022-08-17 15:48:36.949384','모히또',NULL),
(6129,'2022-08-17 15:48:37.061473','모히또',NULL),
(6130,'2022-08-17 15:48:37.239419','모히또',NULL),
(6131,'2022-08-17 15:48:37.282853','모히또',NULL),
(6132,'2022-08-17 15:48:37.566704','모히또',NULL),
(6135,'2022-08-17 16:00:38.185866','영우',NULL),
(6136,'2022-08-17 16:00:38.491694','영우',NULL),
(6137,'2022-08-17 16:04:02.074184','사과주스',NULL),
(6138,'2022-08-17 16:04:02.373990','사과주스',NULL),
(6139,'2022-08-17 16:04:08.091889','사과',NULL),
(6140,'2022-08-17 16:04:08.408762','사과',NULL),
(6141,'2022-08-17 16:04:12.558210','사과',NULL),
(6142,'2022-08-17 16:04:12.863556','사과',NULL),
(6143,'2022-08-17 16:04:15.705133','사과',NULL),
(6144,'2022-08-17 16:04:16.011163','사과',NULL),
(6145,'2022-08-17 16:04:23.798989','애플',NULL),
(6146,'2022-08-17 16:04:24.097657','애플',NULL),
(6147,'2022-08-17 16:04:40.908640','애플',NULL),
(6148,'2022-08-17 16:04:41.210941','애플',NULL),
(6149,'2022-08-17 16:05:07.052535','보드카',NULL),
(6150,'2022-08-17 16:05:07.361990','보드카',NULL),
(6151,'2022-08-17 16:05:25.784959','보드카',NULL),
(6152,'2022-08-17 16:05:26.092642','보드카',NULL),
(6153,'2022-08-17 16:14:06.778282','레몬',NULL),
(6154,'2022-08-17 16:14:07.036201','레몬',NULL),
(6155,'2022-08-17 16:14:29.959282','와인',NULL),
(6156,'2022-08-17 16:14:30.269097','와인',NULL),
(6169,'2022-08-17 16:26:23.103228','브라운 슈가',NULL),
(6170,'2022-08-17 16:26:23.157898','브라운 슈가',NULL),
(6171,'2022-08-17 16:26:23.240704','브라운 슈가',NULL),
(6172,'2022-08-17 17:21:52.915047','레몬',NULL),
(6173,'2022-08-17 17:21:53.213663','레몬',NULL),
(6174,'2022-08-17 17:21:54.157453','레몬',NULL),
(6175,'2022-08-17 17:21:54.878854','레몬',NULL),
(6176,'2022-08-17 17:21:55.735494','레몬',NULL),
(6177,'2022-08-17 17:21:56.170635','레몬',NULL),
(6178,'2022-08-17 17:21:56.663108','레몬',NULL),
(6179,'2022-08-17 17:32:34.475536','레몬',NULL),
(6180,'2022-08-17 17:32:34.772943','레몬',NULL),
(6181,'2022-08-17 17:37:18.049685','레몬',NULL),
(6182,'2022-08-17 17:37:18.374771','레몬',NULL),
(6183,'2022-08-17 17:37:57.399072','레몬',NULL),
(6184,'2022-08-17 17:37:57.703822','레몬',NULL),
(6185,'2022-08-17 17:38:03.265005','레몬',NULL),
(6186,'2022-08-17 17:38:03.552068','레몬',NULL),
(6187,'2022-08-17 17:38:04.777852','레몬',NULL),
(6188,'2022-08-17 19:27:43.171400','레몬',NULL),
(6189,'2022-08-17 19:27:43.470427','레몬',NULL),
(6190,'2022-08-17 19:34:51.411195','레몬',NULL),
(6191,'2022-08-17 19:34:51.732413','레몬',NULL),
(7001,'2022-08-17 23:05:41.276379','레몬',NULL),
(7002,'2022-08-17 23:05:41.502911','레몬',NULL),
(7003,'2022-08-17 23:05:44.399213','fpahs',NULL),
(7004,'2022-08-17 23:05:44.706338','fpahs',NULL),
(7005,'2022-08-17 23:05:46.453032','레몬',NULL),
(7006,'2022-08-17 23:05:46.743805','레몬',NULL),
(7007,'2022-08-17 23:05:50.208235','레몬',NULL),
(7008,'2022-08-17 23:05:50.535778','레몬',NULL),
(7009,'2022-08-17 23:05:52.699651','레몬',NULL),
(7010,'2022-08-17 23:05:52.944671','레몬',NULL),
(7011,'2022-08-17 23:05:53.003835','레몬',NULL),
(7012,'2022-08-17 23:05:53.244301','레몬',NULL),
(7013,'2022-08-17 23:05:55.175576','레몬',NULL),
(7014,'2022-08-17 23:05:55.293347','라임',NULL),
(7015,'2022-08-17 23:05:55.471000','레몬',NULL),
(7016,'2022-08-17 23:05:55.589293','라임',NULL),
(7017,'2022-08-17 23:05:56.361650','레몬',NULL),
(7018,'2022-08-17 23:05:56.651221','레몬',NULL),
(7019,'2022-08-17 23:05:57.767211','보드카',NULL),
(7020,'2022-08-17 23:05:58.077153','보드카',NULL),
(7021,'2022-08-17 23:06:00.929760','보드카',NULL),
(7022,'2022-08-17 23:06:01.234803','보드카',NULL),
(7023,'2022-08-17 23:06:03.440276','위스키',NULL),
(7024,'2022-08-17 23:06:03.750112','위스키',NULL),
(7025,'2022-08-17 23:06:06.316577','모히또',NULL),
(7026,'2022-08-17 23:06:06.610093','모히또',NULL),
(7027,'2022-08-17 23:06:09.237206','모히또',NULL),
(7028,'2022-08-17 23:06:09.533140','모히또',NULL),
(7029,'2022-08-17 23:06:11.556134','콜라',NULL),
(7030,'2022-08-17 23:06:11.869712','콜라',NULL),
(7031,'2022-08-17 23:06:17.916247','콜라',NULL),
(7032,'2022-08-17 23:06:18.233303','콜라',NULL),
(7033,'2022-08-17 23:12:21.924708','레몬',NULL),
(7034,'2022-08-17 23:12:22.207881','레몬',NULL),
(7035,'2022-08-17 23:12:23.750655','레몬',NULL),
(7036,'2022-08-17 23:12:24.040272','레몬',NULL),
(7037,'2022-08-17 23:12:26.229394','레몬',NULL),
(7038,'2022-08-17 23:12:26.522512','레몬',NULL),
(7039,'2022-08-17 23:12:31.680875','라임',NULL),
(7040,'2022-08-17 23:12:31.986456','라임',NULL),
(7041,'2022-08-17 23:12:34.097249','라임',NULL),
(7042,'2022-08-17 23:12:34.388085','라임',NULL),
(7043,'2022-08-17 23:12:36.764306','라임',NULL),
(7044,'2022-08-17 23:12:37.070581','라임',NULL),
(7045,'2022-08-17 23:12:41.581409','바카디',NULL),
(7046,'2022-08-17 23:12:41.876834','바카디',NULL),
(7047,'2022-08-17 23:12:46.312603','바카디',NULL),
(7048,'2022-08-17 23:12:46.618740','바카디',NULL),
(7049,'2022-08-17 23:12:48.661129','바카디',NULL),
(7050,'2022-08-17 23:12:48.962055','바카디',NULL),
(7051,'2022-08-17 23:12:49.281918','바카디',NULL),
(7052,'2022-08-17 23:12:49.581499','바카디',NULL),
(7053,'2022-08-17 23:12:49.661401','바카디',NULL),
(7054,'2022-08-17 23:12:49.947270','바카디',NULL),
(7055,'2022-08-17 23:12:49.972530','바카디',NULL),
(7056,'2022-08-17 23:12:50.186167','바카디',NULL),
(7057,'2022-08-17 23:12:50.231466','바카디',NULL),
(7058,'2022-08-17 23:12:50.480704','바카디',NULL),
(7059,'2022-08-17 23:12:50.567291','바카디',NULL),
(7060,'2022-08-17 23:12:50.772471','바카디',NULL),
(7061,'2022-08-17 23:12:50.874733','바카디',NULL),
(7062,'2022-08-17 23:12:51.066368','바카디',NULL),
(7063,'2022-08-17 23:12:51.131062','바카디',NULL),
(7064,'2022-08-17 23:12:51.428119','바카디',NULL),
(7065,'2022-08-17 23:12:51.751528','바카디',NULL),
(7066,'2022-08-17 23:12:52.042931','바카디',NULL),
(7067,'2022-08-17 23:12:52.074909','바카디',NULL),
(7068,'2022-08-17 23:12:52.281660','바카디',NULL),
(7069,'2022-08-17 23:12:52.368965','바카디',NULL),
(7070,'2022-08-17 23:12:52.597983','바카디',NULL),
(7071,'2022-08-17 23:12:53.067925','바카디',NULL),
(7072,'2022-08-17 23:12:53.369314','바카디',NULL),
(7073,'2022-08-17 23:12:53.426272','바카디',NULL),
(7074,'2022-08-17 23:12:53.596443','바카디',NULL),
(7075,'2022-08-17 23:12:53.742958','바카디',NULL),
(7076,'2022-08-17 23:12:53.904998','바카디',NULL),
(7077,'2022-08-17 23:12:53.971571','바카디',NULL),
(7078,'2022-08-17 23:12:54.299003','바카디',NULL),
(7079,'2022-08-17 23:12:54.961980','바카디',NULL),
(7080,'2022-08-17 23:12:55.275025','바카디',NULL),
(7081,'2022-08-17 23:12:55.969768','바카디',NULL),
(7082,'2022-08-17 23:12:56.276577','바카디',NULL),
(7083,'2022-08-17 23:12:56.570158','바카디',NULL),
(7084,'2022-08-17 23:12:56.875447','바카디',NULL),
(7085,'2022-08-17 23:13:06.321978','보드카',NULL),
(7086,'2022-08-17 23:13:06.618936','보드카',NULL),
(7087,'2022-08-17 23:13:07.169388','보드카',NULL),
(7088,'2022-08-17 23:13:07.457310','보드카',NULL),
(7089,'2022-08-17 23:13:07.577133','보드카',NULL),
(7090,'2022-08-17 23:13:07.868002','보드카',NULL),
(7091,'2022-08-17 23:13:07.964803','보드카',NULL),
(7092,'2022-08-17 23:13:08.266305','보드카',NULL),
(7093,'2022-08-17 23:13:08.354257','보드카',NULL),
(7094,'2022-08-17 23:13:08.610392','보드카',NULL),
(7095,'2022-08-17 23:13:08.718035','보드카',NULL),
(7096,'2022-08-17 23:13:09.009237','보드카',NULL),
(7097,'2022-08-17 23:13:09.183841','보드카',NULL),
(7098,'2022-08-17 23:13:09.496802','보드카',NULL),
(7099,'2022-08-17 23:13:09.810372','보드카',NULL),
(7100,'2022-08-17 23:13:10.133214','보드카',NULL),
(7101,'2022-08-17 23:13:10.378052','보드카',NULL),
(7102,'2022-08-17 23:13:10.675430','보드카',NULL),
(7103,'2022-08-17 23:13:10.862603','보드카',NULL),
(7104,'2022-08-17 23:13:11.159476','보드카',NULL),
(7105,'2022-08-17 23:13:11.289506','보드카',NULL),
(7106,'2022-08-17 23:13:11.608661','보드카',NULL),
(7107,'2022-08-17 23:13:11.757639','보드카',NULL),
(7108,'2022-08-17 23:13:12.060929','보드카',NULL),
(7109,'2022-08-17 23:13:12.189451','보드카',NULL),
(7110,'2022-08-17 23:13:12.506071','보드카',NULL),
(7111,'2022-08-17 23:13:12.763872','보드카',NULL),
(7112,'2022-08-17 23:13:13.061558','보드카',NULL),
(7113,'2022-08-17 23:13:13.216145','보드카',NULL),
(7114,'2022-08-17 23:13:13.512111','보드카',NULL),
(7115,'2022-08-17 23:13:13.569274','보드카',NULL),
(7116,'2022-08-17 23:13:13.864892','보드카',NULL),
(7117,'2022-08-17 23:13:13.938139','보드카',NULL),
(7118,'2022-08-17 23:13:14.237978','보드카',NULL),
(7119,'2022-08-17 23:13:14.729598','보드카',NULL),
(7120,'2022-08-17 23:13:15.027426','보드카',NULL),
(7121,'2022-08-17 23:13:15.338247','보드카',NULL),
(7122,'2022-08-17 23:13:15.643886','보드카',NULL),
(7123,'2022-08-17 23:13:15.836557','보드카',NULL),
(7124,'2022-08-17 23:13:16.145407','보드카',NULL),
(7125,'2022-08-17 23:13:16.412474','보드카',NULL),
(7126,'2022-08-17 23:13:16.725542','보드카',NULL),
(7127,'2022-08-17 23:13:17.076710','보드카',NULL),
(7128,'2022-08-17 23:13:17.375632','보드카',NULL),
(7129,'2022-08-17 23:13:17.727802','보드카',NULL),
(7130,'2022-08-17 23:13:18.021732','보드카',NULL),
(7131,'2022-08-17 23:13:18.420865','보드카',NULL),
(7132,'2022-08-17 23:13:18.723894','보드카',NULL),
(7133,'2022-08-17 23:13:19.130894','보드카',NULL),
(7134,'2022-08-17 23:13:19.421499','보드카',NULL),
(7135,'2022-08-17 23:13:19.807896','보드카',NULL),
(7136,'2022-08-17 23:13:20.107419','보드카',NULL),
(7137,'2022-08-17 23:13:21.051384','보드카',NULL),
(7138,'2022-08-17 23:13:21.356622','보드카',NULL),
(7139,'2022-08-17 23:13:21.752867','보드카',NULL),
(7140,'2022-08-17 23:13:22.055480','보드카',NULL),
(7141,'2022-08-17 23:13:27.396843','위스키',NULL),
(7142,'2022-08-17 23:13:27.696862','위스키',NULL),
(7143,'2022-08-17 23:13:28.017879','위스키',NULL),
(7144,'2022-08-17 23:13:28.322175','위스키',NULL),
(7145,'2022-08-17 23:13:28.364638','위스키',NULL),
(7146,'2022-08-17 23:13:28.667787','위스키',NULL),
(7147,'2022-08-17 23:13:28.702754','위스키',NULL),
(7148,'2022-08-17 23:13:29.003921','위스키',NULL),
(7149,'2022-08-17 23:13:29.031900','위스키',NULL),
(7150,'2022-08-17 23:13:29.306051','위스키',NULL),
(7151,'2022-08-17 23:13:29.359787','위스키',NULL),
(7152,'2022-08-17 23:13:29.653290','위스키',NULL),
(7153,'2022-08-17 23:13:29.684584','위스키',NULL),
(7154,'2022-08-17 23:13:29.885871','위스키',NULL),
(7155,'2022-08-17 23:13:29.949449','위스키',NULL),
(7156,'2022-08-17 23:13:30.194708','위스키',NULL),
(7157,'2022-08-17 23:13:30.286972','위스키',NULL),
(7158,'2022-08-17 23:13:30.490969','위스키',NULL),
(7159,'2022-08-17 23:13:30.575116','위스키',NULL),
(7160,'2022-08-17 23:13:30.783400','위스키',NULL),
(7161,'2022-08-17 23:13:30.917134','위스키',NULL),
(7162,'2022-08-17 23:13:31.112852','위스키',NULL),
(7163,'2022-08-17 23:13:31.219792','위스키',NULL),
(7164,'2022-08-17 23:13:31.423300','위스키',NULL),
(7165,'2022-08-17 23:13:31.587699','위스키',NULL),
(7166,'2022-08-17 23:13:31.814614','위스키',NULL),
(7167,'2022-08-17 23:13:31.878782','위스키',NULL),
(7168,'2022-08-17 23:13:32.103687','위스키',NULL),
(7169,'2022-08-17 23:13:32.235395','위스키',NULL),
(7170,'2022-08-17 23:13:32.466818','위스키',NULL),
(7171,'2022-08-17 23:13:32.531666','위스키',NULL),
(7172,'2022-08-17 23:13:32.767446','위스키',NULL),
(7173,'2022-08-17 23:13:32.892375','위스키',NULL),
(7174,'2022-08-17 23:13:33.201419','위스키',NULL),
(7175,'2022-08-17 23:13:33.305932','위스키',NULL),
(7176,'2022-08-17 23:13:33.560656','위스키',NULL),
(7177,'2022-08-17 23:13:33.612793','위스키',NULL),
(7178,'2022-08-17 23:13:33.882650','위스키',NULL),
(7179,'2022-08-17 23:13:57.802529','레몬',NULL),
(7180,'2022-08-17 23:13:58.106798','레몬',NULL),
(7181,'2022-08-17 23:14:00.565878','레몬',NULL),
(7182,'2022-08-17 23:14:00.865258','레몬',NULL),
(7183,'2022-08-17 23:24:36.673060','짤리',NULL),
(7184,'2022-08-17 23:24:36.985063','짤리',NULL),
(7185,'2022-08-17 23:26:24.850901','짤리',NULL),
(7186,'2022-08-17 23:26:25.124043','짤리',NULL),
(7187,'2022-08-17 23:30:16.253144','레몬',NULL),
(7188,'2022-08-17 23:30:16.550046','레몬',NULL),
(7189,'2022-08-17 23:30:22.523556','레몬',NULL),
(7190,'2022-08-17 23:30:24.985405','레몬',NULL),
(7191,'2022-08-17 23:30:25.286604','레몬',NULL),
(7192,'2022-08-17 23:37:24.170743','소개팅녀',NULL),
(7193,'2022-08-17 23:37:24.458135','소개팅녀',NULL),
(7194,'2022-08-17 23:37:25.987328','소개팅녀',NULL),
(7195,'2022-08-17 23:37:26.301253','소개팅녀',NULL),
(7196,'2022-08-17 23:37:33.217200','소개팅녀',NULL),
(7197,'2022-08-17 23:37:33.540617','소개팅녀',NULL),
(7198,'2022-08-17 23:43:15.279329','짤리',NULL),
(7199,'2022-08-17 23:43:15.580017','짤리',NULL),
(7200,'2022-08-17 23:43:30.409707','소개팅',NULL),
(7201,'2022-08-17 23:43:30.697382','소개팅',NULL),
(7202,'2022-08-17 23:47:57.494655','레몬',NULL),
(7203,'2022-08-17 23:47:57.796010','레몬',NULL),
(7204,'2022-08-17 23:48:04.761404','레몬',NULL),
(7205,'2022-08-17 23:48:12.134481','레몬',NULL),
(7206,'2022-08-17 23:48:12.438163','레몬',NULL),
(7207,'2022-08-17 23:48:19.951994','짤리',NULL),
(7208,'2022-08-17 23:48:20.256677','짤리',NULL),
(7209,'2022-08-17 23:48:30.214157','소개팅',NULL),
(7210,'2022-08-17 23:48:30.510695','소개팅',NULL),
(7212,'2022-08-17 23:51:54.245829','소개팅녀',NULL),
(7213,'2022-08-17 23:51:54.551205','소개팅녀',NULL),
(7214,'2022-08-17 23:51:55.657972','레몬',NULL),
(7215,'2022-08-17 23:51:55.964901','레몬',NULL),
(7216,'2022-08-17 23:52:22.742562','소개팅녀',NULL),
(7217,'2022-08-17 23:52:23.046856','소개팅녀',NULL),
(7218,'2022-08-17 23:52:27.958841','소개팅녀',NULL),
(7219,'2022-08-17 23:52:28.224232','소개팅녀',NULL),
(7220,'2022-08-17 23:53:11.252557','소개팅녀',NULL),
(7221,'2022-08-17 23:53:11.547579','소개팅녀',NULL),
(7222,'2022-08-17 23:54:36.328292','레몬',NULL),
(7223,'2022-08-17 23:54:36.626997','레몬',NULL),
(7228,'2022-08-18 00:11:26.963840','레몬',NULL),
(7229,'2022-08-18 00:11:27.258781','레몬',NULL),
(7230,'2022-08-18 00:11:40.018478','레몬',NULL),
(7231,'2022-08-18 00:11:40.302912','레몬',NULL),
(7232,'2022-08-18 00:11:40.330898','레몬',NULL),
(7233,'2022-08-18 00:12:30.080486','레몬',NULL),
(7234,'2022-08-18 00:12:30.376757','레몬',NULL),
(7235,'2022-08-18 00:22:34.469706','레몬',NULL),
(7236,'2022-08-18 00:22:34.775648','레몬',NULL),
(7237,'2022-08-18 00:23:10.201798','레몬',NULL),
(7238,'2022-08-18 00:23:10.499111','레몬',NULL),
(7239,'2022-08-18 00:24:27.383619','바카디',NULL),
(7240,'2022-08-18 00:24:27.661227','바카디',NULL),
(7241,'2022-08-18 00:24:30.825558','모히또',NULL),
(7242,'2022-08-18 00:24:31.099798','모히또',NULL),
(7243,'2022-08-18 00:24:33.934662','보드카',NULL),
(7244,'2022-08-18 00:24:34.211665','보드카',NULL),
(7245,'2022-08-18 00:24:36.181128','레몬',NULL),
(7246,'2022-08-18 00:24:36.480449','레몬',NULL),
(7247,'2022-08-18 00:24:37.780891','위스키',NULL),
(7248,'2022-08-18 00:24:38.086961','위스키',NULL),
(7249,'2022-08-18 00:35:44.821821','모히또',NULL),
(7250,'2022-08-18 00:35:45.119076','모히또',NULL),
(7252,'2022-08-18 00:36:17.625386','모히또',NULL),
(7253,'2022-08-18 00:36:17.921065','모히또',NULL),
(7254,'2022-08-18 00:36:18.419765','모히또',NULL),
(8001,'2022-08-18 02:06:27.031189','모히또',NULL),
(8002,'2022-08-18 02:06:27.230645','모히또',NULL),
(8003,'2022-08-18 02:08:24.960230','모히또',NULL),
(8004,'2022-08-18 02:08:25.038243','보드카',NULL),
(8005,'2022-08-18 02:08:25.266039','모히또',NULL),
(8006,'2022-08-18 02:08:25.359826','보드카',NULL),
(8007,'2022-08-18 02:08:26.422297','모히또',NULL),
(8008,'2022-08-18 02:23:54.898799','레몬',NULL),
(8009,'2022-08-18 02:23:55.201497','레몬',NULL),
(8011,'2022-08-18 02:24:26.928930','레몬',NULL),
(8012,'2022-08-18 02:24:27.239593','레몬',NULL),
(9001,'2022-08-18 04:10:08.777935','레몬',NULL),
(9002,'2022-08-18 04:10:24.901759','레몬',NULL),
(9003,'2022-08-18 04:10:26.302604','모히또',NULL),
(9004,'2022-08-18 04:10:28.816671','모히또',NULL),
(9005,'2022-08-18 04:10:32.922094','모히또',NULL),
(9006,'2022-08-18 04:11:02.708466','레몬',NULL),
(9007,'2022-08-18 04:11:04.941630','레몬',NULL),
(9008,'2022-08-18 04:11:10.978218','레몬',NULL),
(9009,'2022-08-18 04:11:12.373799','레몬',NULL),
(9010,'2022-08-18 04:11:15.131373','레몬',NULL),
(9011,'2022-08-18 04:11:14.736185','레몬',NULL),
(9012,'2022-08-18 04:11:16.610433','레몬',NULL),
(9013,'2022-08-18 04:11:17.131395','레몬',NULL),
(9014,'2022-08-18 04:11:18.848070','레몬',NULL),
(9015,'2022-08-18 04:11:20.611530','레몬',NULL),
(9016,'2022-08-18 04:11:21.487124','레몬',NULL),
(9017,'2022-08-18 04:11:22.890817','레몬',NULL),
(9018,'2022-08-18 04:11:22.890275','토마토',NULL),
(9019,'2022-08-18 04:11:26.411882','토마토',NULL),
(9020,'2022-08-18 04:11:27.732454','레몬',NULL),
(9021,'2022-08-18 04:11:31.447265','토마토',NULL),
(9022,'2022-08-18 04:11:34.007376','레몬',NULL),
(9023,'2022-08-18 04:11:34.084689','토마토',NULL),
(9024,'2022-08-18 04:11:35.564464','토마토',NULL),
(9025,'2022-08-18 04:11:38.001005','레몬',NULL),
(9026,'2022-08-18 04:11:38.401505','토마토',NULL),
(9027,'2022-08-18 04:11:39.602224','레몬',NULL),
(9028,'2022-08-18 04:11:40.601850','토마토',NULL),
(9029,'2022-08-18 04:11:42.683412','레몬',NULL),
(9030,'2022-08-18 04:11:42.683004','토마토',NULL),
(9031,'2022-08-18 04:11:44.002149','레몬',NULL),
(9032,'2022-08-18 04:11:44.004223','토마토',NULL),
(9033,'2022-08-18 04:11:44.923142','토마토',NULL),
(9034,'2022-08-18 04:11:45.406273','레몬',NULL),
(9035,'2022-08-18 04:11:46.883261','레몬',NULL),
(9036,'2022-08-18 04:11:47.285285','토마토',NULL),
(9037,'2022-08-18 04:11:47.847146','레몬',NULL),
(9038,'2022-08-18 04:11:48.087979','토마토',NULL),
(9039,'2022-08-18 04:11:48.644657','레몬',NULL),
(9040,'2022-08-18 04:11:49.243768','토마토',NULL),
(9041,'2022-08-18 04:11:49.566930','레몬',NULL),
(9042,'2022-08-18 04:11:49.887339','토마토',NULL),
(9043,'2022-08-18 04:11:49.965331','레몬',NULL),
(9044,'2022-08-18 04:11:50.441041','토마토',NULL),
(9045,'2022-08-18 04:11:51.200399','토마토',NULL),
(9046,'2022-08-18 04:11:52.237548','토마토',NULL),
(9047,'2022-08-18 04:11:52.598451','라임',NULL),
(9048,'2022-08-18 04:11:53.478669','라임',NULL),
(9049,'2022-08-18 04:11:53.479290','토마토',NULL),
(9050,'2022-08-18 04:11:54.162115','토마토',NULL),
(9051,'2022-08-18 04:11:54.522767','토마토',NULL),
(9052,'2022-08-18 04:11:55.123869','토마토',NULL),
(9053,'2022-08-18 04:11:55.759743','토마토',NULL),
(9054,'2022-08-18 04:11:56.360356','토마토',NULL),
(9055,'2022-08-18 04:11:56.841274','토마토',NULL),
(9056,'2022-08-18 04:11:57.400876','토마토',NULL),
(9057,'2022-08-18 04:11:57.798852','토마토',NULL),
(9058,'2022-08-18 04:12:21.507804','라임',NULL),
(9059,'2022-08-18 04:12:24.669106','라임',NULL),
(9060,'2022-08-18 04:12:25.666782','라임',NULL),
(9061,'2022-08-18 04:12:26.589318','라임',NULL),
(9062,'2022-08-18 04:12:28.307570','라임',NULL),
(9063,'2022-08-18 04:12:29.347579','라임',NULL),
(9064,'2022-08-18 04:12:30.143626','라임',NULL),
(9065,'2022-08-18 04:12:30.904062','라임',NULL),
(9066,'2022-08-18 04:12:31.824100','라임',NULL),
(9067,'2022-08-18 04:12:32.261102','라임',NULL),
(9068,'2022-08-18 04:12:32.664513','라임',NULL),
(9069,'2022-08-18 04:12:33.580119','라임',NULL),
(9070,'2022-08-18 04:12:34.179822','라임',NULL),
(9071,'2022-08-18 04:12:34.578741','라임',NULL),
(9072,'2022-08-18 04:12:35.057305','라임',NULL),
(9073,'2022-08-18 04:12:35.700379','라임',NULL),
(9074,'2022-08-18 04:12:44.302443','바카디',NULL),
(9075,'2022-08-18 04:12:44.784162','바카디',NULL),
(9076,'2022-08-18 04:12:45.502592','바카디',NULL),
(9077,'2022-08-18 04:12:46.543481','바카디',NULL),
(9078,'2022-08-18 04:12:46.623333','바카디',NULL),
(9079,'2022-08-18 04:12:48.346727','바카디',NULL),
(9080,'2022-08-18 04:12:48.424080','바카디',NULL),
(9081,'2022-08-18 04:12:49.501704','바카디',NULL),
(9082,'2022-08-18 04:12:49.825637','바카디',NULL),
(9083,'2022-08-18 04:12:50.777605','위스키',NULL),
(9084,'2022-08-18 04:12:51.057594','바카디',NULL),
(9085,'2022-08-18 04:12:51.460769','위스키',NULL),
(9086,'2022-08-18 04:12:52.575778','바카디',NULL),
(9087,'2022-08-18 04:12:53.776675','위스키',NULL),
(9088,'2022-08-18 04:12:54.775333','바카디',NULL),
(9089,'2022-08-18 04:12:54.498010','위스키',NULL),
(9090,'2022-08-18 04:12:56.814987','위스키',NULL),
(9091,'2022-08-18 04:12:57.134338','바카디',NULL),
(9092,'2022-08-18 04:12:57.655652','위스키',NULL),
(9093,'2022-08-18 04:12:58.095343','바카디',NULL),
(9094,'2022-08-18 04:12:58.496873','위스키',NULL),
(9095,'2022-08-18 04:12:58.575399','바카디',NULL),
(9096,'2022-08-18 04:12:59.172220','바카디',NULL),
(9097,'2022-08-18 04:12:59.251316','위스키',NULL),
(9098,'2022-08-18 04:12:59.812129','위스키',NULL),
(9099,'2022-08-18 04:12:59.814768','바카디',NULL),
(9100,'2022-08-18 04:13:00.318963','바카디',NULL),
(9101,'2022-08-18 04:13:00.358649','위스키',NULL),
(9102,'2022-08-18 04:13:00.876165','위스키',NULL),
(9103,'2022-08-18 04:13:00.958042','바카디',NULL),
(9104,'2022-08-18 04:13:01.515555','바카디',NULL),
(9105,'2022-08-18 04:13:01.596311','위스키',NULL),
(9106,'2022-08-18 04:13:02.207851','위스키',NULL),
(9107,'2022-08-18 04:13:02.665692','위스키',NULL),
(10001,'2022-08-18 10:12:30.210797','레몬',NULL),
(10002,'2022-08-18 10:12:30.411999','레몬',NULL),
(10003,'2022-08-18 10:12:32.468123','레몬',NULL),
(10004,'2022-08-18 10:12:32.762637','레몬',NULL),
(10005,'2022-08-18 10:12:32.949807','레몬',NULL),
(10006,'2022-08-18 10:12:33.239823','레몬',NULL),
(10007,'2022-08-18 10:12:44.349241','레몬',NULL),
(10008,'2022-08-18 10:12:44.645528','레몬',NULL),
(10009,'2022-08-18 10:12:44.999895','레몬',NULL),
(10010,'2022-08-18 10:12:45.290446','레몬',NULL),
(10011,'2022-08-18 10:12:45.544922','레몬',NULL),
(10012,'2022-08-18 10:12:45.847340','레몬',NULL),
(10013,'2022-08-18 10:12:45.911810','레몬',NULL),
(10014,'2022-08-18 10:12:46.214258','레몬',NULL),
(10015,'2022-08-18 10:12:46.361131','레몬',NULL),
(10016,'2022-08-18 10:12:46.654424','레몬',NULL),
(10017,'2022-08-18 10:12:46.708344','레몬',NULL),
(10018,'2022-08-18 10:12:46.953730','레몬',NULL),
(10019,'2022-08-18 10:12:47.054092','레몬',NULL),
(10020,'2022-08-18 10:12:47.365304','레몬',NULL),
(10021,'2022-08-18 10:12:47.476815','레몬',NULL),
(10022,'2022-08-18 10:12:47.758051','레몬',NULL),
(10023,'2022-08-18 10:12:47.874888','레몬',NULL),
(10024,'2022-08-18 10:12:48.086173','레몬',NULL),
(10025,'2022-08-18 10:12:48.163054','레몬',NULL),
(10026,'2022-08-18 10:12:48.374349','레몬',NULL),
(10027,'2022-08-18 10:12:48.493917','레몬',NULL),
(10028,'2022-08-18 10:12:48.784692','레몬',NULL),
(10029,'2022-08-18 10:12:48.883919','레몬',NULL),
(10030,'2022-08-18 10:12:49.178276','레몬',NULL),
(10031,'2022-08-18 10:12:49.267395','레몬',NULL),
(10032,'2022-08-18 10:12:49.566603','레몬',NULL),
(10033,'2022-08-18 10:12:49.679974','레몬',NULL),
(10034,'2022-08-18 10:12:49.983456','레몬',NULL),
(10035,'2022-08-18 10:12:52.661184','라임',NULL),
(10036,'2022-08-18 10:12:52.955982','라임',NULL),
(10037,'2022-08-18 10:12:54.503128','라임',NULL),
(10038,'2022-08-18 10:12:54.804201','라임',NULL),
(10039,'2022-08-18 10:12:55.178312','라임',NULL),
(10040,'2022-08-18 10:12:55.481979','라임',NULL),
(10041,'2022-08-18 10:12:55.694438','라임',NULL),
(10042,'2022-08-18 10:12:55.980513','라임',NULL),
(10043,'2022-08-18 10:12:56.143766','라임',NULL),
(10044,'2022-08-18 10:12:56.446748','라임',NULL),
(10045,'2022-08-18 10:12:56.576424','라임',NULL),
(10046,'2022-08-18 10:12:56.898118','라임',NULL),
(10047,'2022-08-18 10:12:56.951618','라임',NULL),
(10048,'2022-08-18 10:12:57.191187','라임',NULL),
(10049,'2022-08-18 10:12:57.243090','라임',NULL),
(10050,'2022-08-18 10:12:57.489322','라임',NULL),
(10051,'2022-08-18 10:12:57.651955','라임',NULL),
(10052,'2022-08-18 10:12:57.965434','라임',NULL),
(10053,'2022-08-18 10:12:58.198139','라임',NULL),
(10054,'2022-08-18 10:12:58.467985','라임',NULL),
(10055,'2022-08-18 10:12:58.503049','라임',NULL),
(10056,'2022-08-18 10:12:58.758475','라임',NULL),
(10057,'2022-08-18 10:12:58.914078','라임',NULL),
(10058,'2022-08-18 10:12:59.150880','라임',NULL),
(10059,'2022-08-18 10:12:59.215546','라임',NULL),
(10060,'2022-08-18 10:12:59.446429','라임',NULL),
(10061,'2022-08-18 10:12:59.594723','라임',NULL),
(10062,'2022-08-18 10:12:59.833719','라임',NULL),
(10063,'2022-08-18 10:12:59.894033','라임',NULL),
(10064,'2022-08-18 10:13:00.122334','라임',NULL),
(10065,'2022-08-18 10:13:00.412760','라임',NULL),
(10066,'2022-08-18 10:13:00.697150','라임',NULL),
(10067,'2022-08-18 10:13:00.828806','라임',NULL),
(10068,'2022-08-18 10:13:01.132119','라임',NULL),
(10069,'2022-08-18 10:13:01.198982','라임',NULL),
(10070,'2022-08-18 10:13:01.505252','라임',NULL),
(10071,'2022-08-18 10:13:01.747699','라임',NULL),
(10072,'2022-08-18 10:13:02.044443','라임',NULL),
(10073,'2022-08-18 10:13:02.470517','라임',NULL),
(10074,'2022-08-18 10:13:02.770254','라임',NULL),
(10075,'2022-08-18 10:14:31.635471','라임',NULL),
(10076,'2022-08-18 10:14:31.883170','라임',NULL),
(10077,'2022-08-18 10:14:32.612362','라임',NULL),
(10078,'2022-08-18 10:14:32.915917','라임',NULL),
(10079,'2022-08-18 10:25:31.945985','브루클린',NULL),
(10080,'2022-08-18 10:25:32.308483','브루클린',NULL),
(10081,'2022-08-18 10:25:47.773131','브루클린',NULL),
(10082,'2022-08-18 10:25:48.067829','브루클린',NULL),
(10083,'2022-08-18 10:25:54.144742','바카디',NULL),
(10084,'2022-08-18 10:25:54.438741','바카디',NULL),
(10085,'2022-08-18 10:25:57.728852','칵테일',NULL),
(10086,'2022-08-18 10:25:58.032554','칵테일',NULL),
(10087,'2022-08-18 10:26:13.378046','브루클린',NULL),
(10088,'2022-08-18 10:26:13.501702','브루클린',NULL),
(11001,'2022-08-18 10:30:18.604311','바카디',NULL),
(11002,'2022-08-18 10:30:18.766280','바카디',NULL),
(11003,'2022-08-18 10:30:31.981852','바카디',NULL),
(11004,'2022-08-18 10:30:32.274427','바카디',NULL),
(11005,'2022-08-18 10:30:35.161764','바카디',NULL),
(11006,'2022-08-18 10:30:35.472605','바카디',NULL),
(11007,'2022-08-18 10:30:37.848306','바카디',NULL),
(11008,'2022-08-18 10:30:38.138803','바카디',NULL),
(11009,'2022-08-18 10:32:07.493085','잭 로즈',NULL),
(11010,'2022-08-18 10:32:07.799515','잭 로즈',NULL),
(11011,'2022-08-18 10:34:56.457251','브루클린',NULL),
(11012,'2022-08-18 10:34:56.726477','브루클린',NULL),
(12001,'2022-08-18 11:18:46.151818','레몬',NULL),
(12002,'2022-08-18 11:18:46.367811','레몬',NULL),
(12003,'2022-08-18 11:18:46.429439','레몬',NULL),
(12004,'2022-08-18 11:18:53.893803','바카디',NULL),
(12005,'2022-08-18 11:18:53.988869','바카디',NULL),
(12006,'2022-08-18 11:18:54.184525','바카디',NULL),
(12007,'2022-08-18 11:19:57.844174','브루클린',NULL),
(12008,'2022-08-18 11:19:57.844140','칵테일',NULL),
(12009,'2022-08-18 11:19:57.965754','칵테일',NULL),
(12010,'2022-08-18 11:19:57.970184','브루클린',NULL),
(12011,'2022-08-18 11:19:58.527202','바카디',NULL),
(12012,'2022-08-18 11:19:58.852740','바카디',NULL),
(13002,'2022-08-18 11:45:44.688127','레몬',NULL),
(13003,'2022-08-18 11:45:44.944562','레몬',NULL),
(13004,'2022-08-18 11:45:49.432148','레몬',NULL),
(13005,'2022-08-18 11:55:34.017225','레몬',NULL),
(13006,'2022-08-18 11:55:34.304684','레몬',NULL),
(13007,'2022-08-18 11:55:45.514017','레몬',NULL),
(13008,'2022-08-18 11:55:45.811317','레몬',NULL),
(13009,'2022-08-18 11:55:52.119391','레몬',NULL),
(13010,'2022-08-18 11:55:52.416327','레몬',NULL),
(13011,'2022-08-18 11:57:55.987022','레몬',NULL),
(13012,'2022-08-18 11:57:56.284922','레몬',NULL),
(13013,'2022-08-18 11:58:03.775270','레몬',NULL),
(13014,'2022-08-18 11:58:04.081893','레몬',NULL),
(13015,'2022-08-18 11:58:05.965546','레몬',NULL),
(13016,'2022-08-18 11:58:06.274079','레몬',NULL),
(13017,'2022-08-18 11:58:38.410982','레몬',NULL),
(13018,'2022-08-18 11:58:38.716641','레몬',NULL),
(13019,'2022-08-18 11:58:44.409029','레몬스터',NULL),
(13020,'2022-08-18 11:58:44.705570','레몬스터',NULL),
(13021,'2022-08-18 11:59:12.511194','레몬스터',NULL),
(13022,'2022-08-18 11:59:12.805585','레몬스터',NULL),
(13023,'2022-08-18 11:59:17.573756','레몬',NULL),
(13024,'2022-08-18 11:59:17.871742','레몬',NULL),
(13025,'2022-08-18 11:59:18.997888','레몬',NULL),
(13026,'2022-08-18 11:59:19.511532','레몬',NULL),
(13027,'2022-08-18 11:59:20.115648','레몬',NULL),
(13028,'2022-08-18 11:59:20.657059','레몬',NULL),
(13029,'2022-08-18 11:59:21.192502','레몬',NULL),
(13030,'2022-08-18 12:03:23.333720','레몬',NULL),
(13031,'2022-08-18 12:03:27.061451','레몬',NULL),
(13032,'2022-08-18 12:03:27.509667','레몬',NULL),
(13033,'2022-08-18 12:03:27.823349','레몬',NULL),
(13034,'2022-08-18 12:03:37.373563','레몬',NULL),
(13035,'2022-08-18 12:03:41.064121','레몬',NULL),
(13036,'2022-08-18 12:03:43.141311','레몬',NULL),
(13037,'2022-08-18 12:04:24.944400','레몬',NULL),
(13038,'2022-08-18 12:04:29.109407','레몬',NULL),
(13039,'2022-08-18 12:04:32.517492','레몬',NULL),
(13040,'2022-08-18 12:05:50.332982','라임',NULL),
(13041,'2022-08-18 12:05:54.067426','라임',NULL),
(13042,'2022-08-18 12:05:56.177794','라임',NULL),
(13043,'2022-08-18 12:06:01.937627','라임',NULL),
(13044,'2022-08-18 12:06:08.849284','라임',NULL),
(13045,'2022-08-18 12:06:54.104166','레몬',NULL),
(13046,'2022-08-18 12:06:58.341290','레몬',NULL),
(13047,'2022-08-18 12:06:59.273359','레몬',NULL),
(13048,'2022-08-18 12:07:03.057622','레몬',NULL),
(13049,'2022-08-18 12:07:08.130584','레몬',NULL),
(13050,'2022-08-18 12:07:34.584363','레몬',NULL),
(13052,'2022-08-18 12:15:10.216582','레몬',NULL),
(13053,'2022-08-18 12:15:10.524705','레몬',NULL),
(13054,'2022-08-18 12:16:49.484042','레몬',NULL),
(13055,'2022-08-18 12:16:49.785573','레몬',NULL),
(14003,'2022-08-18 14:18:47.896795','레몬',NULL),
(14004,'2022-08-18 14:18:48.145474','레몬',NULL),
(16001,'2022-08-18 15:39:44.433195','모히또',NULL),
(16002,'2022-08-18 15:39:44.652299','모히또',NULL),
(16003,'2022-08-18 15:40:03.453961','보드카',NULL),
(16004,'2022-08-18 15:40:03.794461','보드카',NULL),
(16010,'2022-08-18 15:51:48.368446','레몬',NULL),
(16011,'2022-08-18 15:51:48.662716','레몬',NULL),
(16012,'2022-08-18 15:51:50.640054','레몬',NULL),
(16013,'2022-08-18 15:51:50.936361','레몬',NULL),
(16014,'2022-08-18 15:51:51.234304','레몬',NULL),
(16015,'2022-08-18 15:51:51.537782','레몬',NULL),
(16016,'2022-08-18 15:51:51.564728','레몬',NULL),
(16017,'2022-08-18 15:51:51.854677','레몬',NULL),
(16018,'2022-08-18 15:51:52.026272','레몬',NULL),
(16019,'2022-08-18 15:51:52.326408','레몬',NULL),
(16020,'2022-08-18 15:51:58.889572','레몬',NULL),
(16021,'2022-08-18 15:51:59.185687','레몬',NULL),
(16022,'2022-08-18 15:51:59.267118','레몬',NULL),
(16023,'2022-08-18 15:51:59.567682','레몬',NULL),
(16024,'2022-08-18 15:51:59.589421','레몬',NULL),
(16025,'2022-08-18 15:51:59.868376','레몬',NULL),
(16026,'2022-08-18 15:51:59.909366','레몬',NULL),
(16027,'2022-08-18 15:52:00.171201','레몬',NULL),
(16028,'2022-08-18 15:52:01.029366','레몬',NULL),
(16029,'2022-08-18 15:52:01.330498','레몬',NULL),
(16030,'2022-08-18 15:52:08.326931','모히또',NULL),
(16031,'2022-08-18 15:52:08.637242','모히또',NULL),
(16032,'2022-08-18 15:52:09.085526','모히또',NULL),
(16033,'2022-08-18 15:52:09.373298','모히또',NULL),
(16034,'2022-08-18 15:52:09.577388','모히또',NULL),
(16035,'2022-08-18 15:52:09.790987','모히또',NULL),
(16036,'2022-08-18 15:52:09.870667','모히또',NULL),
(16037,'2022-08-18 15:52:10.088204','모히또',NULL),
(16038,'2022-08-18 15:52:10.168887','모히또',NULL),
(16039,'2022-08-18 15:52:10.473766','모히또',NULL),
(16040,'2022-08-18 15:52:10.574773','모히또',NULL),
(16041,'2022-08-18 15:52:10.875325','모히또',NULL),
(16042,'2022-08-18 15:52:10.947429','모히또',NULL),
(16043,'2022-08-18 15:52:11.125868','모히또',NULL),
(16044,'2022-08-18 15:52:11.241441','모히또',NULL),
(16045,'2022-08-18 15:52:11.422203','모히또',NULL),
(16046,'2022-08-18 15:52:11.501532','모히또',NULL),
(16047,'2022-08-18 15:52:11.692516','모히또',NULL),
(16048,'2022-08-18 15:52:11.806131','모히또',NULL),
(16049,'2022-08-18 15:52:11.990841','모히또',NULL),
(16050,'2022-08-18 15:52:13.261755','보드카',NULL),
(16051,'2022-08-18 15:52:13.558642','보드카',NULL),
(16052,'2022-08-18 15:52:13.948876','보드카',NULL),
(16053,'2022-08-18 15:52:14.253437','보드카',NULL),
(16054,'2022-08-18 15:52:14.350733','보드카',NULL),
(16055,'2022-08-18 15:52:14.538071','보드카',NULL),
(16056,'2022-08-18 15:52:14.652851','보드카',NULL),
(16057,'2022-08-18 15:52:14.848528','보드카',NULL),
(16058,'2022-08-18 15:52:14.949236','보드카',NULL),
(16059,'2022-08-18 15:52:15.137024','보드카',NULL),
(16060,'2022-08-18 15:52:15.242908','보드카',NULL),
(16061,'2022-08-18 15:52:15.441239','보드카',NULL),
(16062,'2022-08-18 15:52:15.566638','보드카',NULL),
(16063,'2022-08-18 15:52:15.859092','보드카',NULL),
(16064,'2022-08-18 15:52:17.237111','바카디',NULL),
(16065,'2022-08-18 15:52:17.543895','바카디',NULL),
(16066,'2022-08-18 15:52:17.974009','바카디',NULL),
(16067,'2022-08-18 15:52:18.278997','바카디',NULL),
(16068,'2022-08-18 15:52:18.406450','바카디',NULL),
(16069,'2022-08-18 15:52:18.713592','바카디',NULL),
(16070,'2022-08-18 15:52:18.790998','바카디',NULL),
(16071,'2022-08-18 15:52:19.098677','바카디',NULL),
(16072,'2022-08-18 15:52:19.173839','바카디',NULL),
(16073,'2022-08-18 15:52:19.462841','바카디',NULL),
(16074,'2022-08-18 15:52:20.500733','라임',NULL),
(16075,'2022-08-18 15:52:20.800441','라임',NULL),
(16076,'2022-08-18 15:52:21.636225','라임',NULL),
(16077,'2022-08-18 15:52:21.931552','라임',NULL),
(16078,'2022-08-18 15:52:22.046380','라임',NULL),
(16079,'2022-08-18 15:52:22.341795','라임',NULL),
(16080,'2022-08-18 15:52:22.485529','라임',NULL),
(16081,'2022-08-18 15:52:22.789445','라임',NULL),
(16082,'2022-08-18 15:52:22.987057','라임',NULL),
(16083,'2022-08-18 15:52:23.221479','라임',NULL),
(16084,'2022-08-18 15:52:23.269029','라임',NULL),
(16085,'2022-08-18 15:52:23.517018','라임',NULL),
(16086,'2022-08-18 15:52:23.613401','라임',NULL),
(16087,'2022-08-18 15:52:23.907411','라임',NULL),
(16088,'2022-08-18 15:52:24.062933','라임',NULL),
(16089,'2022-08-18 15:52:24.249665','라임',NULL),
(16090,'2022-08-18 15:52:24.340176','라임',NULL),
(16091,'2022-08-18 15:52:24.549316','라임',NULL),
(16092,'2022-08-18 15:56:33.018022','라임',NULL),
(16093,'2022-08-18 15:56:33.319842','라임',NULL),
(16094,'2022-08-18 15:56:34.263326','라임',NULL),
(16095,'2022-08-18 15:56:34.581916','라임',NULL),
(16096,'2022-08-18 15:56:38.192502','라임',NULL),
(16097,'2022-08-18 15:56:44.813211','라임',NULL),
(16098,'2022-08-18 15:56:45.113526','라임',NULL),
(16099,'2022-08-18 15:56:49.677797','라임',NULL),
(16100,'2022-08-18 15:56:49.710121','라임',NULL),
(16101,'2022-08-18 16:06:18.191308','라임',NULL),
(16102,'2022-08-18 16:06:18.493387','라임',NULL),
(16103,'2022-08-18 16:06:49.380598','바카디',NULL),
(16104,'2022-08-18 16:06:49.496682','바카디',NULL),
(16105,'2022-08-18 16:06:49.687864','바카디',NULL),
(16106,'2022-08-18 16:07:03.665314','바카디',NULL),
(16107,'2022-08-18 16:07:03.953963','바카디',NULL),
(16109,'2022-08-18 16:14:49.695953','바카디',NULL),
(16110,'2022-08-18 16:14:49.806082','바카디',NULL),
(16111,'2022-08-18 16:14:50.005738','바카디',NULL),
(16112,'2022-08-18 16:14:51.228327','레몬',NULL),
(16113,'2022-08-18 16:14:51.504657','레몬',NULL),
(16114,'2022-08-18 16:14:52.156359','레몬',NULL),
(16115,'2022-08-18 16:14:52.524151','레몬',NULL),
(16116,'2022-08-18 16:14:52.841656','레몬',NULL),
(16117,'2022-08-18 16:14:55.069479','레몬',NULL),
(16118,'2022-08-18 16:14:58.909263','레몬',NULL),
(16119,'2022-08-18 16:17:16.208752','레몬',NULL),
(16120,'2022-08-18 16:17:16.523006','레몬',NULL),
(16121,'2022-08-18 16:17:31.972211','레몬',NULL),
(16122,'2022-08-18 16:17:32.266692','레몬',NULL),
(16123,'2022-08-18 16:20:19.696655','레몬',NULL),
(16124,'2022-08-18 16:20:19.993255','레몬',NULL),
(16125,'2022-08-18 16:22:51.011829','레몬',NULL),
(16126,'2022-08-18 16:22:51.314523','레몬',NULL),
(16127,'2022-08-18 16:24:45.839945','레몬',NULL),
(16128,'2022-08-18 16:24:46.318063','레몬',NULL),
(16130,'2022-08-18 16:29:31.191012','레몬',NULL),
(16131,'2022-08-18 16:29:31.509181','레몬',NULL),
(16132,'2022-08-18 16:30:23.529867','라임',NULL),
(16133,'2022-08-18 16:30:23.839598','라임',NULL),
(16134,'2022-08-18 16:30:31.237350','라임',NULL),
(16135,'2022-08-18 16:30:31.531999','라임',NULL),
(16141,'2022-08-18 16:42:27.592084','레몬',NULL),
(16142,'2022-08-18 16:42:27.899321','레몬',NULL),
(16144,'2022-08-18 16:42:38.190740','레몬',NULL),
(16145,'2022-08-18 16:42:38.242545','레몬',NULL),
(16147,'2022-08-18 16:44:57.240040','레몬',NULL),
(16148,'2022-08-18 16:44:57.266541','레몬',NULL),
(16149,'2022-08-18 16:45:11.904212','레몬',NULL),
(16150,'2022-08-18 16:45:27.641309','레몬',NULL),
(16151,'2022-08-18 16:45:27.940597','레몬',NULL),
(16152,'2022-08-18 16:58:10.714164','바카디',NULL),
(16153,'2022-08-18 16:58:11.004503','바카디',NULL),
(16154,'2022-08-18 16:58:14.770691','바카디',NULL),
(16155,'2022-08-18 16:58:15.066865','바카디',NULL),
(16156,'2022-08-18 17:19:27.568410','레몬',NULL),
(16157,'2022-08-18 17:19:28.067519','레몬',NULL),
(16158,'2022-08-18 17:19:31.100718','레몬',NULL),
(16159,'2022-08-18 17:19:32.309602','레몬',NULL),
(16160,'2022-08-18 17:19:32.756022','레몬',NULL),
(16161,'2022-08-18 17:19:33.876230','레몬',NULL),
(16162,'2022-08-18 17:25:54.547014','보드카',NULL),
(16163,'2022-08-18 17:25:54.851248','보드카',NULL),
(16164,'2022-08-18 17:25:58.116533','보드카',NULL),
(16165,'2022-08-18 17:25:58.417928','보드카',NULL),
(16166,'2022-08-18 17:26:04.393638','영우',NULL),
(16167,'2022-08-18 17:26:04.693961','영우',NULL),
(16168,'2022-08-18 17:26:13.491058','라임',NULL),
(16169,'2022-08-18 17:26:13.791876','라임',NULL),
(16170,'2022-08-18 17:26:15.945335','라임',NULL),
(16171,'2022-08-18 17:26:16.245935','라임',NULL),
(16172,'2022-08-18 17:26:17.632172','라임',NULL),
(16173,'2022-08-18 17:26:17.937237','라임',NULL),
(16174,'2022-08-18 17:26:21.211023','레몬 라임 소다',NULL),
(16175,'2022-08-18 17:26:21.256001','레몬 라임 소다',NULL),
(16176,'2022-08-18 17:26:24.877993','레몬 라임 소다',NULL),
(16177,'2022-08-18 17:26:29.840899','파인애플',NULL),
(16178,'2022-08-18 17:26:29.877125','파인애플',NULL),
(16179,'2022-08-18 17:26:33.225242','파인애플',NULL),
(16180,'2022-08-18 17:26:42.603296','베네딕틴',NULL),
(16181,'2022-08-18 17:26:42.628321','베네딕틴',NULL),
(16182,'2022-08-18 17:32:04.194420','레몬',NULL),
(16183,'2022-08-18 17:32:04.492956','레몬',NULL),
(16184,'2022-08-18 18:04:13.979295','레몬 라임 소다',NULL),
(16185,'2022-08-18 18:04:14.298310','레몬 라임 소다',NULL),
(16186,'2022-08-18 20:34:20.159945','레몬',NULL),
(16187,'2022-08-18 20:34:20.456163','레몬',NULL),
(16188,'2022-08-18 20:34:22.260226','레몬',NULL),
(16189,'2022-08-18 20:34:22.551885','레몬',NULL),
(16190,'2022-08-18 20:34:22.631284','레몬',NULL),
(16191,'2022-08-18 20:34:22.913481','레몬',NULL),
(16192,'2022-08-18 20:34:22.968326','레몬',NULL),
(16193,'2022-08-18 20:34:23.262635','레몬',NULL),
(16194,'2022-08-18 20:34:24.532974','모히또',NULL),
(16195,'2022-08-18 20:34:24.820199','모히또',NULL),
(16196,'2022-08-18 20:34:25.301452','모히또',NULL),
(16197,'2022-08-18 20:34:25.599254','모히또',NULL),
(16198,'2022-08-18 20:34:25.634419','모히또',NULL),
(16199,'2022-08-18 20:34:25.827033','모히또',NULL),
(16200,'2022-08-18 20:34:25.931157','모히또',NULL),
(16201,'2022-08-18 20:34:26.108058','모히또',NULL),
(16202,'2022-08-18 20:34:28.822832','보드카',NULL),
(16203,'2022-08-18 20:34:29.129855','보드카',NULL),
(16204,'2022-08-18 20:34:29.556467','보드카',NULL),
(16205,'2022-08-18 20:34:29.742720','보드카',NULL),
(16206,'2022-08-18 20:34:29.862944','보드카',NULL),
(16207,'2022-08-18 20:34:30.036130','보드카',NULL),
(16208,'2022-08-18 20:34:30.153491','보드카',NULL),
(16209,'2022-08-18 20:34:30.358873','보드카',NULL),
(16210,'2022-08-18 20:34:30.442969','보드카',NULL),
(16211,'2022-08-18 20:34:30.647765','보드카',NULL),
(16212,'2022-08-18 20:34:30.746762','보드카',NULL),
(16213,'2022-08-18 20:34:31.041642','보드카',NULL),
(16214,'2022-08-18 20:34:32.726116','바카디',NULL),
(16215,'2022-08-18 20:34:33.011610','바카디',NULL),
(16216,'2022-08-18 20:34:33.511290','바카디',NULL),
(16217,'2022-08-18 20:34:33.702558','바카디',NULL),
(16218,'2022-08-18 20:34:33.802879','바카디',NULL),
(16219,'2022-08-18 20:34:34.001769','바카디',NULL),
(16220,'2022-08-18 20:34:34.066095','바카디',NULL),
(16221,'2022-08-18 20:34:34.239155','바카디',NULL),
(16222,'2022-08-18 20:34:34.370537','바카디',NULL),
(16223,'2022-08-18 20:34:34.534575','바카디',NULL),
(16224,'2022-08-18 20:34:34.592277','바카디',NULL),
(16225,'2022-08-18 20:34:34.891551','바카디',NULL),
(16226,'2022-08-18 20:34:34.937411','바카디',NULL),
(16227,'2022-08-18 20:34:35.232493','바카디',NULL),
(16228,'2022-08-18 20:34:37.267868','라임',NULL),
(16229,'2022-08-18 20:34:37.559359','라임',NULL),
(16230,'2022-08-18 20:34:37.846457','라임',NULL),
(16231,'2022-08-18 20:34:38.143627','라임',NULL),
(16232,'2022-08-18 20:34:38.186738','라임',NULL),
(16233,'2022-08-18 20:34:38.490573','라임',NULL),
(16234,'2022-08-18 20:34:38.530323','라임',NULL),
(16235,'2022-08-18 20:34:38.829832','라임',NULL),
(16236,'2022-08-18 20:34:38.870383','라임',NULL),
(16237,'2022-08-18 20:34:39.170786','라임',NULL),
(16238,'2022-08-18 20:34:39.228634','라임',NULL),
(16239,'2022-08-18 20:34:39.525612','라임',NULL),
(16241,'2022-08-18 20:41:43.751543','브루클린',NULL),
(16242,'2022-08-18 20:41:44.053088','브루클린',NULL),
(16243,'2022-08-18 20:41:53.144497','브루클린',NULL),
(16244,'2022-08-18 20:41:53.262655','브루클린',NULL),
(16245,'2022-08-18 20:41:53.449425','브루클린',NULL),
(16246,'2022-08-18 20:41:57.983819','마라스키노',NULL),
(16247,'2022-08-18 20:41:58.284484','마라스키노',NULL),
(16248,'2022-08-18 20:41:59.581487','마라스키노',NULL),
(16249,'2022-08-18 20:42:02.031443','마라스키노',NULL),
(16250,'2022-08-18 20:42:13.540232','체리',NULL),
(16251,'2022-08-18 20:42:13.842605','체리',NULL),
(16252,'2022-08-18 20:42:14.853154','체리',NULL),
(16253,'2022-08-18 20:42:17.354578','체리',NULL),
(16254,'2022-08-18 20:42:22.857711','체리',NULL),
(16255,'2022-08-18 20:42:25.110696','체리',NULL),
(16256,'2022-08-18 20:44:49.286932','마라스키노 체리',NULL),
(16257,'2022-08-18 20:44:49.353060','마라스키노 체리',NULL),
(16258,'2022-08-18 20:44:57.634136','체리',NULL),
(16259,'2022-08-18 20:44:57.940115','체리',NULL),
(16260,'2022-08-18 20:45:26.629888','레몬',NULL),
(16261,'2022-08-18 20:45:26.647298','레몬',NULL),
(16262,'2022-08-18 20:46:17.460972','레몬',NULL),
(16263,'2022-08-18 20:46:17.754273','레몬',NULL),
(16264,'2022-08-18 20:46:37.326645','레몬',NULL),
(16265,'2022-08-18 20:46:38.166651','레몬',NULL),
(16266,'2022-08-18 20:46:38.509862','레몬',NULL),
(17005,'2022-08-18 21:05:56.725075','레몬',NULL),
(17006,'2022-08-18 21:05:56.805703','레몬',NULL),
(17007,'2022-08-18 21:06:40.018711','레몬',NULL),
(17008,'2022-08-18 21:06:40.318980','레몬',NULL),
(17009,'2022-08-18 21:07:02.435036','레몬',NULL),
(17010,'2022-08-18 21:07:02.728726','레몬',NULL),
(17011,'2022-08-18 21:09:56.789027','레몬',NULL),
(17012,'2022-08-18 21:09:57.089523','레몬',NULL),
(17013,'2022-08-18 21:10:01.552624','레몬',NULL),
(17014,'2022-08-18 21:10:01.607644','레몬',NULL),
(17015,'2022-08-18 21:10:31.554541','레몬',NULL),
(17016,'2022-08-18 21:10:31.797288','레몬',NULL),
(17024,'2022-08-18 21:29:45.314631','레몬',NULL),
(17025,'2022-08-18 21:29:45.604743','레몬',NULL),
(17026,'2022-08-18 21:29:50.439011','콜라',NULL),
(17027,'2022-08-18 21:29:50.741344','콜라',NULL),
(17028,'2022-08-18 21:37:23.569702','레몬',NULL),
(17029,'2022-08-18 21:37:23.864702','레몬',NULL),
(17030,'2022-08-18 21:37:29.460690','레몬',NULL),
(17031,'2022-08-18 21:37:29.757831','레몬',NULL);
/*!40000 ALTER TABLE `search_history` ENABLE KEYS */;
UNLOCK TABLES;

--
-- Table structure for table `search_keyword`
--

DROP TABLE IF EXISTS `search_keyword`;
/*!40101 SET @saved_cs_client     = @@character_set_client */;
/*!40101 SET character_set_client = utf8 */;
CREATE TABLE `search_keyword` (
  `uid` bigint(20) NOT NULL,
  `id` bigint(20) DEFAULT NULL,
  `name` varchar(255) COLLATE utf8mb4_unicode_ci DEFAULT NULL,
  `name_kr` varchar(255) COLLATE utf8mb4_unicode_ci DEFAULT NULL,
  `type` varchar(255) COLLATE utf8mb4_unicode_ci DEFAULT NULL,
  PRIMARY KEY (`uid`)
) ENGINE=InnoDB DEFAULT CHARSET=utf8mb4 COLLATE=utf8mb4_unicode_ci;
/*!40101 SET character_set_client = @saved_cs_client */;

--
-- Dumping data for table `search_keyword`
--

LOCK TABLES `search_keyword` WRITE;
/*!40000 ALTER TABLE `search_keyword` DISABLE KEYS */;
INSERT INTO `search_keyword` VALUES
(1,11000,'Mojito','모히또','칵테일'),
(2,11001,'Old Fashioned','올드 패션드','칵테일'),
(3,11003,'Negroni','네그로니','칵테일'),
(4,11004,'Whiskey Sour','위스키 사워','칵테일'),
(5,11005,'Dry Martini','드라이 마티니','칵테일'),
(6,11006,'Daiquiri','다이키리','칵테일'),
(7,11007,'Margarita','마르가리타','칵테일'),
(8,11008,'Manhattan','맨해튼','칵테일'),
(9,11009,'Moscow Mule','모스크바 뮬','칵테일'),
(10,11010,'After Dinner Cocktail','애프터 디너','칵테일'),
(11,11012,'Alabama Slammer','앨라배마 슬래머','칵테일'),
(12,11013,'Alaska Cocktail','알래스카','칵테일'),
(13,11014,'Alexander','알렉산더','칵테일'),
(14,11016,'Brandy Alexander','브랜디 알렉산더','칵테일'),
(15,11019,'Alfie Cocktail','앨피','칵테일'),
(16,11034,'Angel Face','앤젤 페이스','칵테일'),
(17,11050,'Apricot Lady','아프리콧 레이디','칵테일'),
(18,11064,'Banana Daiquiri','바나나 다이퀴리','칵테일'),
(19,11102,'Black Russian','블랙 러시안','칵테일'),
(20,11112,'Bloody Maria','블러디 마리아','칵테일'),
(21,11113,'Bloody Mary','블러디 메리','칵테일'),
(22,11202,'Caipirinha','카이피리냐','칵테일'),
(23,11227,'Champagne Cocktail','샴페인 칵테일','칵테일'),
(24,11288,'Cuba Libre','쿠바 리브레','칵테일'),
(25,11410,'Gin Fizz','진 피즈','칵테일'),
(26,11416,'Gin Smash','진 스매쉬','칵테일'),
(27,11417,'Gin Sour','진 사워','칵테일'),
(28,11423,'Godfather','갓파더','칵테일'),
(29,11424,'Godmother','갓마더','칵테일'),
(30,11462,'Harvey Wallbanger','하비 월뱅어','칵테일'),
(31,11542,'Jack Rose Cocktail','잭 로즈','칵테일'),
(32,11580,'John Collins','존 콜린스','칵테일'),
(33,11600,'Kamikaze','카미카제','칵테일'),
(34,11690,'Mai Tai','마이타이','칵테일'),
(35,12101,'Rusty Nail','러스티 네일','칵테일'),
(36,12127,'Sazerac','사제락','칵테일'),
(37,12162,'Screwdriver','스크류드라이버','칵테일'),
(38,12196,'Sidecar','사이드카','칵테일'),
(39,12214,'Singapore Sling','싱가폴 슬링','칵테일'),
(40,12420,'Tuxedo Cocktail','턱시도','칵테일'),
(41,12560,'Afterglow','애프터글로우','칵테일'),
(42,12562,'Alice Cocktail','앨리스','칵테일'),
(43,12564,'Apple Karate','애플가라테','칵테일'),
(44,12572,'Bora Bora','보라보라','칵테일'),
(45,12630,'Rail Splitter','레일 스플리터','칵테일'),
(46,12668,'Egg Cream','에그 크림','칵테일'),
(47,12670,'Fruit Cooler','후르츠 쿨러','칵테일'),
(48,12672,'Fruit Flip-Flop','후르츠 플립플롭','칵테일'),
(49,12722,'Strawberry Shivers','스트로베리 쉬버','칵테일'),
(50,12726,'Tomato Tang','토마토 탱','칵테일'),
(51,12728,'Yoghurt Cooler','요거트 쿨러','칵테일'),
(52,12754,'Sex on the Beach','섹스온더비치','칵테일'),
(53,12862,'Aloha Fruit punch','알로하 프루트 펀치','칵테일'),
(54,12890,'Cranberry Punch','크랜베리 펀치','칵테일'),
(55,12954,'Holloween Punch','할로윈 펀치(무알콜)','칵테일'),
(56,12988,'Mulled Wine','멀드 와인','칵테일'),
(57,13032,'Spiced Peach Punch','스파이스드 피치 펀치','칵테일'),
(58,13036,'Strawberry Lemonade','스트로베리 레몬에이드','칵테일'),
(59,13214,'Pisco Sour','피스코 사워','칵테일'),
(60,13377,'Sea breeze','씨 브리즈','칵테일'),
(61,13621,'Tequila Sunrise','데킬라 선라이즈','칵테일'),
(62,13936,'Miami Vice','마이애미 바이스','칵테일'),
(63,13971,'Irish Coffee','아이리쉬 커피','칵테일'),
(64,14195,'Snowball','스노우볼','칵테일'),
(65,14366,'Lemon Drop','레몬 드롭','칵테일'),
(66,15106,'Apello','아펠로','칵테일'),
(67,15200,'A Day at the Beach','해변에서의 하루','칵테일'),
(68,15853,'B-52','B-52','칵테일'),
(69,15941,'Americano','아메리카노','칵테일'),
(70,17176,'Ipamena','이파네마','칵테일'),
(71,17180,'Aviation','에비에이션','칵테일'),
(72,17181,'Dirty Martini','더티 마티니','칵테일'),
(73,17183,'Bacardi Cocktail','바카디 칵테일','칵테일'),
(74,17184,'Between The Sheets','비트윈 더 시트','칵테일'),
(75,17185,'Casino','카지노','칵테일'),
(76,17186,'Clover Club','클로버 클럽','칵테일'),
(77,17187,'Derby','더비','칵테일'),
(78,17188,'Mary Pickford','메리 폭리드','칵테일'),
(79,17189,'Monkey Gland','몽키 글랜드','칵테일'),
(80,17190,'Paradise','파라다이스','칵테일'),
(81,17191,'Planter\'s Punch','플랜터즈 펀치','칵테일'),
(82,17192,'Porto flip','포르토 플립','칵테일'),
(83,17193,'Stinger','스팅어','칵테일'),
(84,17194,'White Lady','화이트 레이디','칵테일'),
(85,17195,'Bellini','벨리니','칵테일'),
(86,17196,'Cosmopolitan','코스모폴리탄','칵테일'),
(87,17197,'French 75','프렌치 75','칵테일'),
(88,17198,'French Connection','프렌치 커넥션','칵테일'),
(89,17199,'Golden dream','골든 드림','칵테일'),
(90,17200,'Grasshopper','그래스 호퍼','칵테일'),
(91,17201,'Hemingway Special','헤밍웨이 스페셜','칵테일'),
(92,17202,'Horse\'s Neck','홀스즈 넥','칵테일'),
(93,17203,'Kir','키르','칵테일'),
(94,17204,'Long Island Iced Tea','롱 아일랜드 아이스 티','칵테일'),
(95,17205,'Mimosa','미모사','칵테일'),
(96,17206,'Mint Julep','민트 줄렙','칵테일'),
(97,17207,'Pina Colada','피나 콜라다','칵테일'),
(98,17208,'Rose','로즈','칵테일'),
(99,17209,'Barracuda','바라쿠다','칵테일'),
(100,17210,'Bramble','브램블','칵테일'),
(101,17211,'Dark and Stormy','다크 앤 스토미','칵테일'),
(102,17212,'Espresso Martini','에스프레소 마티니','칵테일'),
(103,17213,'French Martini','프렌치 마티니','칵테일'),
(104,17214,'Russian Spring Punch','러시안 스프링 펀치','칵테일'),
(105,17216,'Tommy\'s Margarita','토미스 마가리타','칵테일'),
(106,17217,'Vampiro','뱀피로','칵테일'),
(107,17218,'Vesper','베스퍼','칵테일'),
(108,17219,'Yellow Bird','옐로 버드','칵테일'),
(109,17268,'Blue Hurricane','블루 허리케인','칵테일'),
(110,17837,'Adam','애덤','칵테일'),
(111,178306,'Slippery Nipple','슬리퍼리 니플','칵테일'),
(112,178307,'Tequila Slammer','데킬라 슬래머','칵테일'),
(113,178308,'Spritz Veneziano','스프리츠 베네치아','칵테일'),
(114,178309,'Espresso Rumtini','에스프레소 럼티니','칵테일'),
(115,178310,'Brooklyn','브루클린','칵테일'),
(116,178312,'Bloody Punch','블러디 펀치','칵테일'),
(117,178313,'Halloween Punch','할로윈 펀치','칵테일'),
(118,178314,'Gin Basil Smash','진 바질 스매쉬','칵테일'),
(119,178315,'Munich Mule','뮌헨 뮬','칵테일'),
(120,178316,'Honey Bee','허니 비','칵테일'),
(121,178321,'Amaretto fizz','아마 레토 피즈','칵테일'),
(122,178322,'Spice 75','스파이스 75','칵테일'),
(123,178326,'White Wine Sangria','화이트 와인 샹그리아','칵테일'),
(124,178334,'Death in the Afternoon','오후의 죽음','칵테일'),
(125,178335,'Lazy Coconut Paloma','레이지 코코넛 팔로마','칵테일'),
(126,178336,'Blueberry Mojito','블루베리 모히또','칵테일'),
(127,178337,'Autumn Garibaldi','어텀 가리발디','칵테일'),
(128,178338,'Pure Passion','순수한 열정','칵테일'),
(129,178339,'The Strange Weaver','더 스트레인지 위버','칵테일'),
(130,178340,'Garibaldi Negroni','가리발디 네그로니','칵테일'),
(131,178341,'Orange Rosemary Collins','오렌지 로즈마리 콜린스','칵테일'),
(132,178342,'Gin and Soda','진 앤 소다','칵테일'),
(133,178343,'Michelada','미첼라다','칵테일'),
(134,178344,'Figgy Thyme','피기 타임','칵테일'),
(135,178345,'Hot Toddy','핫 토디','칵테일'),
(136,178346,'Elderflower Caipirinha','카이피리냐','칵테일'),
(137,178347,'Winter Rita','윈터 리타','칵테일'),
(138,178348,'Winter Paloma','윈터 팔로마','칵테일'),
(139,178349,'Snowday','스노우데이','칵테일'),
(140,178350,'The Galah','더 갈라','칵테일'),
(141,178352,'Frose','프로제','칵테일'),
(142,178353,'Apple Highball','애플 하이볼','칵테일'),
(143,178354,'Pink Moon','핑크문','칵테일'),
(144,178355,'Mountain Bramble','마운틴 브램블','칵테일'),
(145,178356,'Butterfly Effect','나비효과','칵테일'),
(146,178357,'Pornstar Martini','포르노스타 마티니','칵테일'),
(147,178358,'Mango Mojito','망고 모히또','칵테일'),
(148,178359,'Kiwi Martini','키위 마티니','칵테일'),
(149,178360,'Lemon Elderflower Spritzer','레몬 에드플라워 스프리처','칵테일'),
(150,1,'Vodka','보드카','재료'),
(151,2,'Gin','진','재료'),
(152,3,'Rum','럼','재료'),
(153,4,'Tequila','데킬라','재료'),
(154,5,'Scotch','스카치','재료'),
(155,8,'Absolut Vodka','앱솔루트','재료'),
(156,9,'Advocaat','아드보카트','재료'),
(157,12,'Agave Syrup','아가베 시럽','재료'),
(158,14,'Allspice','올스파이스','재료'),
(159,16,'Almond Flavoring','아몬드 향료','재료'),
(160,18,'Amaretto','아마레토','재료'),
(161,20,'Angostura Bitters','앙고스투라 비터스','재료'),
(162,21,'Anis','아니스','재료'),
(163,24,'Aperol','아페롤','재료'),
(164,26,'Apple Brandy','애플 브랜디','재료'),
(165,28,'Apple Juice','애플 주스','재료'),
(166,29,'Apple Schnapps','애플 스냅스','재료'),
(167,30,'Apple','사과','재료'),
(168,32,'Apricot Brandy','살구 브랜디','재료'),
(169,43,'Baileys Irish Cream','베일리스 아이리쉬 크림','재료'),
(170,47,'Banana','바나나','재료'),
(171,49,'Basil','바질','재료'),
(172,52,'Beer','맥주','재료'),
(173,53,'Benedictine','베네딕틴','재료'),
(174,56,'Bitters','비터스','재료'),
(175,60,'Blackberries','블랙베리','재료'),
(176,66,'Blended Whiskey','블렌디드 위스키','재료'),
(177,67,'Blue Curacao','블루 큐라소','재료'),
(178,69,'Blueberries','블루베리','재료'),
(179,71,'Bourbon','부르봉','재료'),
(180,74,'Brandy','브랜디','재료'),
(181,77,'Brown Sugar','브라운 슈가','재료'),
(182,81,'Cachaca','카샤샤','재료'),
(183,83,'Campari','캄파리','재료'),
(184,88,'Carbonated Soft Drink','탄산 청량음료','재료'),
(185,89,'Carbonated Water','탄산수','재료'),
(186,94,'Celery Salt','셀러리 소금','재료'),
(187,97,'Champagne','샴페인','재료'),
(188,100,'Cherry Brandy','체리 브랜디','재료'),
(189,104,'Cherry Juice','체리 주스','재료'),
(190,106,'Cherry','체리','재료'),
(191,115,'Chocolate Syrup','초콜릿 시럽','재료'),
(192,122,'Cinnamon','계피','재료'),
(193,126,'Cloves','정향','재료'),
(194,127,'Club Soda','클럽 소다','재료'),
(195,128,'Coca-Cola','코카콜라','재료'),
(196,133,'Coconut Liqueur','코코넛 리큐어','재료'),
(197,134,'Coconut Milk','코코넛 밀크','재료'),
(198,135,'Coconut Rum','코코넛 럼','재료'),
(199,138,'Coffee Liqueur','커피 리큐어','재료'),
(200,139,'Coffee','커피','재료'),
(201,141,'Cognac','코냑','재료'),
(202,142,'Cointreau','쿠앵트로','재료'),
(203,155,'Cranberry Juice','크랜베리 주스','재료'),
(204,161,'Cream','크림','재료'),
(205,163,'Creme De Banane','크렘 드 바나나','재료'),
(206,164,'Creme De Cacao','크림 드 카카오','재료'),
(207,165,'Creme De Cassis','크렘 드 카시스','재료'),
(208,171,'Cucumber','오이','재료'),
(209,176,'Daiquiri Mix','다이키리 믹스','재료'),
(210,179,'Dark Rum','다크럼','재료'),
(211,187,'Drambuie','드람부이','재료'),
(212,189,'Dry Vermouth','드라이 베르무트','재료'),
(213,192,'Egg White','에그 화이트','재료'),
(214,193,'Egg Yolk','계란 노른자','재료'),
(215,200,'Espresso','에스프레소','재료'),
(216,217,'Fresh Lemon Juice','신선한 레몬 주스','재료'),
(217,220,'Fruit Juice','과일 주스','재료'),
(218,222,'Fruit','과일','재료'),
(219,223,'Galliano','갈리아노','재료'),
(220,228,'Ginger Ale','진저 에일','재료'),
(221,229,'Ginger Beer','진저 맥주','재료'),
(222,230,'Ginger','진저','재료'),
(223,238,'Grand Marnier','그랜드 마니에','재료'),
(224,240,'Grape juice','포도즙','재료'),
(225,242,'Grapefruit Juice','포도 주스','재료'),
(226,246,'Green Creme de Menthe','그린 크림 드 멘테','재료'),
(227,250,'Grenadine','그레나딘','재료'),
(228,253,'Guava juice','구아바 주스','재료'),
(229,260,'Honey','꿀','재료'),
(230,266,'Hot Sauce','핫 소스','재료'),
(231,270,'Ice','얼음','재료'),
(232,272,'Irish cream','아이리쉬 크림','재료'),
(233,273,'Irish Whiskey','아이리시 위스키','재료'),
(234,282,'Kahlua','깔루아','재료'),
(235,286,'Kiwi','키위','재료'),
(236,293,'Lemon Juice','레몬 즙','재료'),
(237,294,'Lemon Peel','레몬 껍질','재료'),
(238,296,'Lemon vodka','레몬 보드카','재료'),
(239,297,'Lemon-lime soda','레몬 라임 소다','재료'),
(240,299,'lemon','레몬','재료'),
(241,300,'Lemonade','레몬에이드','재료'),
(242,304,'Light Cream','라이트 크림','재료'),
(243,305,'Light Rum','라이트 럼','재료'),
(244,308,'Lime Juice','라임 즙','재료'),
(245,312,'Lime','라임','재료'),
(246,319,'Mango','망고','재료'),
(247,322,'Maraschino Cherry','마라스키노 체리','재료'),
(248,323,'Maraschino Liqueur','마라스키노 리큐르','재료'),
(249,333,'Milk','우유','재료'),
(250,337,'Mint','민트','재료'),
(251,344,'Nutmeg','육두구','재료'),
(252,347,'Olive','올리브','재료'),
(253,350,'Orange Bitters','오렌지 비터스','재료'),
(254,352,'Orange Juice','오렌지 주스','재료'),
(255,354,'Orange Peel','오렌지 껍질','재료'),
(256,357,'Orange spiral','오렌지나선','재료'),
(257,359,'Orange','오렌지','재료'),
(258,362,'Orgeat Syrup','오르간 시럽','재료'),
(259,372,'Passion fruit juice','패션 과일 주스','재료'),
(260,373,'Passion fruit syrup','패션 과일 시럽','재료'),
(261,374,'Passoa','파소아','재료'),
(262,378,'Peach Nectar','복숭아 과즙','재료'),
(263,379,'Peach Schnapps','피치스냅스','재료'),
(264,386,'Pepper','후추','재료'),
(265,391,'Peychaud bitters','페이샤우드비터즈','재료'),
(266,392,'Pina colada mix','피나콜라다 믹스','재료'),
(267,393,'Pineapple Juice','파인애플 주스','재료'),
(268,397,'Pineapple','파인애플','재료'),
(269,400,'Pisco','피스코','재료'),
(270,406,'Port','포트','재료'),
(271,409,'Powdered Sugar','고운 설탕','재료'),
(272,412,'Raisins','건포도','재료'),
(273,416,'Raspberry Liqueur','라즈베리 리큐어','재료'),
(274,419,'Raspberry Vodka','라즈베리 보드카','재료'),
(275,422,'Red Chili Flakes','레드 칠리 플레이크','재료'),
(276,425,'Red Wine','레드와인','재료'),
(277,427,'Ricard','리카드','재료'),
(278,436,'Rye Whiskey','호밀 위스키','재료'),
(279,439,'Salt','소금','재료'),
(280,440,'Sambuca','삼부카','재료'),
(281,448,'Sherbet','셔벗','재료'),
(282,453,'Sloe Gin','슬로 진','재료'),
(283,455,'Soda Water','소다수','재료'),
(284,458,'Southern Comfort','서던 컴포트','재료'),
(285,460,'Soy Sauce','간장','재료'),
(286,470,'Strawberries','딸기','재료'),
(287,475,'Sugar Syrup','시럽','재료'),
(288,476,'Sugar','설탕','재료'),
(289,480,'Sweet and Sour','새콤달콤한 맛','재료'),
(290,482,'Sweet Vermouth','스위트 베르무트','재료'),
(291,483,'Tabasco Sauce','타바스코 소스','재료'),
(292,492,'Tomato Juice','토마토 주스','재료'),
(293,497,'Tonic Water','토닉 워터','재료'),
(294,498,'Triple Sec','트리플 섹','재료'),
(295,506,'Vanilla syrup','바닐라 시럽','재료'),
(296,513,'Water','물','재료'),
(297,515,'Whipped Cream','거품 크림','재료'),
(298,520,'White Creme de Menthe','화이트 크림 드 멘테','재료'),
(299,523,'White Rum','화이트 럼','재료'),
(300,525,'White Wine','화이트 와인','재료'),
(301,529,'Worcestershire Sauce','우스터 소스','재료'),
(302,532,'Yellow Chartreuse','옐로우 샤아트루즈','재료'),
(303,533,'Yoghurt','요거트','재료'),
(304,539,'Lillet Blanc','릴레트 블랑','재료'),
(305,540,'Peach Bitters','피치 비터스','재료'),
(306,542,'Prosecco','프로스코','재료'),
(307,549,'Rosemary','로즈메리','재료'),
(308,552,'Elderflower cordial','엘더플라워 코디얼','재료'),
(309,571,'151 proof rum','151 프루프 럼','재료'),
(310,572,'7-up','칠업','재료'),
(311,573,'Absinthe','압생트','재료'),
(312,574,'Absolut citron','절대 유자','재료'),
(313,575,'Creme de Mure','크림 드 무레','재료'),
(314,576,'Olive Brine','올리브 브라인','재료'),
(315,580,'Whiskey','위스키','재료'),
(316,588,'Rosemary Syrup','로즈마리 시럽','재료'),
(317,589,'Figs','무화과','재료'),
(318,590,'Thyme','백리향','재료'),
(319,592,'Blood Orange','블러드 오렌지','재료'),
(320,593,'Amaro Montenegro','아마로 몬테네그로','재료'),
(321,594,'Ruby Port','루비 포트','재료'),
(322,595,'Rose','로즈','재료');
/*!40000 ALTER TABLE `search_keyword` ENABLE KEYS */;
UNLOCK TABLES;
/*!40103 SET TIME_ZONE=@OLD_TIME_ZONE */;

/*!40101 SET SQL_MODE=@OLD_SQL_MODE */;
/*!40014 SET FOREIGN_KEY_CHECKS=@OLD_FOREIGN_KEY_CHECKS */;
/*!40014 SET UNIQUE_CHECKS=@OLD_UNIQUE_CHECKS */;
/*!40101 SET CHARACTER_SET_CLIENT=@OLD_CHARACTER_SET_CLIENT */;
/*!40101 SET CHARACTER_SET_RESULTS=@OLD_CHARACTER_SET_RESULTS */;
/*!40101 SET COLLATION_CONNECTION=@OLD_COLLATION_CONNECTION */;
/*!40111 SET SQL_NOTES=@OLD_SQL_NOTES */;

-- Dump completed on 2022-08-18 12:38:48
